uid,iid,val
21,0,1
40,2,1
48,3,1
53,3,1
57,3,1
61,3,1
129,4,1
171,4,1
183,4,1
194,4,1
200,4,1
202,4,1
219,4,1
222,4,1
232,4,1
236,4,1
241,5,1
251,5,1
256,5,1
259,5,1
260,5,1
262,6,1
279,16,1
286,22,1
287,23,1
279,24,1
294,26,1
295,26,1
298,28,1
306,28,1
307,28,1
311,29,1
323,33,1
326,35,1
330,36,1
355,49,1
360,50,1
375,51,1
393,52,1
399,52,1
393,53,1
406,54,1
406,55,1
415,56,1
418,56,1
434,59,1
399,60,1
448,60,1
451,61,1
457,63,1
458,63,1
460,63,1
462,63,1
375,65,1
472,65,1
473,65,1
451,65,1
399,69,1
448,69,1
507,70,1
509,70,1
521,70,1
522,70,1
528,71,1
530,71,1
534,71,1
539,71,1
565,77,1
579,81,1
583,81,1
522,81,1
586,81,1
593,83,1
597,83,1
605,84,1
607,84,1
612,84,1
620,84,1
621,84,1
637,86,1
638,87,1
643,88,1
644,89,1
647,91,1
649,91,1
663,92,1
668,92,1
669,92,1
671,92,1
682,92,1
693,96,1
694,96,1
697,96,1
706,99,1
708,99,1
723,99,1
741,100,1
742,100,1
743,100,1
748,100,1
749,100,1
708,101,1
761,101,1
765,101,1
770,101,1
772,101,1
782,101,1
786,101,1
749,101,1
232,101,1
799,102,1
826,111,1
832,111,1
834,111,1
840,111,1
259,111,1
850,115,1
857,118,1
860,118,1
857,119,1
864,119,1
877,121,1
878,121,1
880,121,1
883,122,1
884,122,1
834,122,1
890,125,1
891,125,1
892,126,1
893,126,1
894,126,1
896,126,1
900,126,1
904,128,1
910,131,1
924,140,1
928,144,1
934,146,1
939,149,1
944,153,1
948,158,1
949,159,1
954,164,1
958,165,1
967,174,1
279,174,1
968,177,1
279,184,1
980,193,1
1001,201,1
1025,206,1
1035,208,1
1036,208,1
1037,208,1
1040,209,1
1053,211,1
1056,212,1
1058,213,1
1062,213,1
1067,216,1
1077,221,1
1094,222,1
1100,222,1
1114,223,1
1124,225,1
1140,232,1
1140,234,1
1147,235,1
1148,235,1
1153,235,1
1161,235,1
1163,235,1
1172,236,1
1173,237,1
1220,241,1
1124,243,1
48,247,1
57,261,1
772,275,1
894,283,1
406,308,1
884,312,1
890,324,1
53,336,1
1100,339,1
1094,362,1
1220,362,1
1094,365,1
799,374,1
451,397,1
891,415,1
612,424,1
295,426,1
638,428,1
949,463,1
298,469,1
723,515,1
1148,532,1
904,558,1
612,584,1
507,586,1
528,593,1
741,598,1
202,600,1
910,630,1
1148,646,1
1114,647,1
256,661,1
472,668,1
507,669,1
448,707,1
637,726,1
393,744,1
883,751,1
638,754,1
232,763,1
236,763,1
236,764,1
1114,767,1
1114,768,1
748,772,1
1148,777,1
928,780,1
782,801,1
194,802,1
782,802,1
893,815,1
1163,840,1
772,843,1
200,843,1
894,852,1
860,853,1
1163,866,1
765,888,1
295,888,1
894,889,1
1148,889,1
1124,894,1
939,895,1
612,903,1
723,935,1
924,939,1
765,959,1
1058,962,1
434,968,1
330,968,1
286,968,1
1220,968,1
880,975,1
460,978,1
295,994,1
1037,996,1
460,999,1
770,1020,1
949,1032,1
649,1033,1
799,1035,1
171,1038,1
434,1045,1
286,1045,1
539,1062,1
534,1063,1
222,1064,1
770,1070,1
782,1079,1
1163,1084,1
708,1088,1
1067,1088,1
1140,1092,1
939,1110,1
202,1117,1
786,1117,1
232,1117,1
236,1125,1
840,1130,1
260,1131,1
864,1143,1
1173,1157,1
294,1167,1
1172,1174,1
1172,1175,1
256,1175,1
579,1185,1
693,1199,1
694,1199,1
375,1201,1
647,1204,1
472,1204,1
528,1210,1
507,1230,1
129,1235,1
48,1240,1
579,1241,1
1147,1254,1
1077,1283,1
1147,1289,1
61,1294,1
649,1301,1
860,1328,1
864,1330,1
194,1335,1
406,1340,1
307,1341,1
1114,1350,1
259,1350,1
891,1356,1
900,1360,1
910,1375,1
1077,1386,1
883,1389,1
850,1397,1
980,1416,1
323,1419,1
1062,1421,1
860,1422,1
786,1425,1
256,1438,1
1153,1439,1
521,1451,1
406,1454,1
48,1459,1
834,1464,1
451,1470,1
860,1481,1
647,1490,1
1140,1490,1
262,1493,1
693,1501,1
259,1501,1
612,1505,1
307,1525,1
840,1532,1
694,1544,1
857,1569,1
57,1572,1
761,1576,1
307,1603,1
451,1618,1
434,1640,1
1058,1645,1
522,1647,1
307,1651,1
522,1658,1
1058,1662,1
743,1666,1
900,1693,1
534,1707,1
748,1729,1
748,1730,1
1173,1748,1
222,1752,1
200,1762,1
939,1770,1
222,1770,1
418,1774,1
1153,1775,1
539,1791,1
786,1794,1
534,1808,1
620,1818,1
761,1823,1
620,1826,1
360,1835,1
864,1835,1
826,1864,1
772,1867,1
638,1875,1
668,1875,1
878,1880,1
891,1899,1
579,1908,1
706,1912,1
418,1933,1
878,1936,1
880,1941,1
61,1961,1
1124,1971,1
1124,1972,1
644,1991,1
671,1992,1
649,1993,1
638,1996,1
40,2000,1
637,2002,1
460,2002,1
637,2004,1
194,2022,1
669,2030,1
1035,2037,1
473,2053,1
894,2080,1
129,2115,1
1040,2115,1
840,2117,1
840,2118,1
799,2145,1
1100,2148,1
620,2167,1
259,2167,1
418,2183,1
202,2185,1
742,2222,1
647,2223,1
597,2227,1
668,2227,1
53,2246,1
1100,2255,1
1094,2258,1
1153,2274,1
647,2278,1
693,2286,1
706,2298,1
472,2333,1
393,2341,1
1140,2352,1
460,2377,1
462,2377,1
194,2390,1
1077,2395,1
323,2411,1
663,2419,1
605,2425,1
741,2436,1
1025,2448,1
723,2472,1
418,2493,1
202,2523,1
294,2523,1
1025,2538,1
539,2543,1
330,2545,1
1035,2603,1
910,2614,1
910,2615,1
521,2715,1
241,2773,1
765,2779,1
462,2781,1
857,2786,1
832,2786,1
1153,2788,1
462,2799,1
682,2804,1
6511,2823,1
183,2823,1
6514,2823,1
6518,2823,1
1173,2847,1
534,2859,1
1058,2872,1
954,2877,1
262,2877,1
129,2889,1
884,2890,1
1147,2900,1
944,2900,1
61,2915,1
621,2915,1
565,2919,1
637,2935,1
904,2980,1
597,2983,1
375,2996,1
1077,2997,1
311,3011,1
772,3023,1
256,3047,1
539,3056,1
900,3058,1
262,3076,1
742,3098,1
765,3114,1
262,3114,1
311,3134,1
279,3134,1
294,3134,1
306,3141,1
295,3187,1
251,3195,1
507,3210,1
521,3221,1
286,3229,1
967,3238,1
782,3238,1
697,3238,1
663,3239,1
448,3239,1
1220,3298,1
980,3308,1
236,3312,1
1172,3313,1
857,3313,1
900,3327,1
200,3327,1
663,3332,1
530,3338,1
954,3362,1
1172,3370,1
708,3381,1
241,3393,1
620,3412,1
669,3441,1
954,3448,1
663,3456,1
40,3456,1
565,3495,1
621,3501,1
48,3505,1
607,3506,1
649,3506,1
928,3544,1
171,3557,1
669,3564,1
40,3572,1
954,3592,1
1037,3592,1
171,3619,1
583,3627,1
40,3644,1
462,3686,1
621,3687,1
939,3786,1
393,3791,1
605,3805,1
697,3805,1
671,3816,1
761,3818,1
904,3834,1
434,3842,1
904,3849,1
1067,3852,1
1037,3852,1
693,3856,1
708,3863,1
980,3875,1
694,3879,1
183,3879,1
786,3879,1
605,3892,1
883,3894,1
200,3894,1
1037,3917,1
260,3958,1
241,3977,1
770,3987,1
530,3999,1
509,3999,1
509,4004,1
980,4010,1
530,4021,1
521,4037,1
530,4072,1
1040,4084,1
1100,4112,1
1173,4128,1
883,4135,1
57,4135,1
605,4155,1
1220,4155,1
761,4165,1
621,4207,1
607,4233,1
311,4243,1
697,4275,1
323,4289,1
697,4292,1
171,4293,1
565,4313,1
241,4337,1
884,4375,1
682,4379,1
323,4381,1
294,4407,1
671,4418,1
949,4437,1
644,4445,1
682,4445,1
694,4447,1
1161,4464,1
607,4469,1
375,4469,1
522,4469,1
583,4507,1
880,4508,1
183,4526,1
949,4532,1
355,4532,1
671,4563,1
311,4611,1
669,4616,1
57,4629,1
183,4668,1
668,4681,1
286,4690,1
306,4738,1
743,4744,1
232,4751,1
741,4755,1
251,4755,1
509,4773,1
668,4805,1
826,4810,1
890,4856,1
644,4904,1
864,4913,1
1040,4929,1
743,4933,1
457,4989,1
741,4992,1
1062,5010,1
1094,5027,1
1062,5059,1
770,5065,1
1036,5085,1
924,5086,1
968,5087,1
1161,5089,1
1036,5098,1
509,5131,1
850,5142,1
61,5143,1
457,5150,1
1036,5150,1
583,5165,1
1036,5240,1
583,5240,1
1062,5279,1
1067,5285,1
458,5315,1
355,5318,1
607,5328,1
306,5358,1
597,5370,1
968,5372,1
457,5377,1
644,5377,1
597,5445,1
399,5445,1
298,5450,1
826,5478,1
21,5480,1
944,5485,1
326,5492,1
890,5522,1
457,5542,1
415,5552,1
1025,5630,1
1067,5647,1
1040,5671,1
924,5683,1
326,5683,1
298,5686,1
306,5686,1
593,5688,1
399,5727,1
593,5729,1
967,5746,1
799,5752,1
593,5755,1
129,5763,1
593,5788,1
1001,5828,1
850,5843,1
850,5889,1
458,5913,1
458,5918,1
565,5927,1
448,5927,1
643,5929,1
948,5944,1
896,5982,1
924,6012,1
415,6012,1
948,6025,1
832,6058,1
877,6071,1
9837,7932,1
9842,7950,1
9847,7958,1
9851,7967,1
9855,7974,1
9857,7977,1
9859,7983,1
9862,7992,1
9863,7994,1
9863,7995,1
9866,8003,1
9872,8009,1
9873,8010,1
9877,8016,1
9881,8022,1
9887,8029,1
9892,8035,1
9893,8037,1
9900,8051,1
9906,8063,1
9917,8077,1
9930,8106,1
9934,8123,1
9935,8123,1
9943,8153,1
9945,8153,1
9947,8155,1
9951,8163,1
9958,8173,1
9963,8181,1
9964,8186,1
9969,8194,1
9977,8206,1
9979,8212,1
9983,8214,1
9985,8217,1
9989,8221,1
9992,8226,1
9992,8227,1
9996,8230,1
10002,8239,1
10007,8243,1
10008,8245,1
10011,8248,1
10012,8248,1
10016,8255,1
10017,8256,1
10028,8269,1
10028,8276,1
10028,8277,1
10034,8278,1
10036,8281,1
10038,8284,1
10042,8290,1
10047,8296,1
10053,8300,1
10056,8307,1
10058,8311,1
10066,8326,1
10072,8335,1
10084,8347,1
10093,8358,1
10098,8367,1
10099,8369,1
10105,8382,1
10106,8385,1
10108,8388,1
10112,8393,1
10123,8412,1
10129,8419,1
10131,8423,1
10143,8441,1
9906,8444,1
10145,8446,1
10147,8448,1
10149,8449,1
10153,8455,1
10156,8460,1
10147,8462,1
10129,8468,1
10164,8473,1
10129,8476,1
10167,8479,1
10176,8490,1
10178,8494,1
10179,8494,1
10184,8506,1
10186,8510,1
10189,8513,1
10191,8518,1
10194,8523,1
10129,8523,1
10198,8537,1
10207,8545,1
10211,8559,1
10213,8561,1
10224,8580,1
10230,8588,1
10232,8590,1
10234,8595,1
10236,8597,1
10239,8602,1
10241,8608,1
10246,8610,1
10252,8613,1
10255,8614,1
10241,8623,1
10263,8634,1
10264,8637,1
10273,8649,1
10281,8659,1
10283,8667,1
10286,8675,1
10294,8693,1
10297,8695,1
10300,8701,1
10306,8705,1
10308,8705,1
10309,8706,1
10313,8706,1
10314,8706,1
10316,8706,1
10330,8714,1
10336,8725,1
10341,8738,1
10342,8738,1
10347,8738,1
10350,8738,1
10352,8738,1
10355,8740,1
10357,8745,1
10360,8752,1
10367,8756,1
10377,8765,1
10379,8768,1
10390,8784,1
10394,8789,1
10398,8794,1
10403,8802,1
10407,8810,1
10411,8814,1
10294,8823,1
10360,8833,1
10432,8848,1
10437,8855,1
10438,8856,1
10441,8857,1
10442,8859,1
10446,8859,1
10448,8861,1
10453,8865,1
10456,8875,1
10458,8880,1
884,8900,1
10475,8915,1
10058,8915,1
9989,8927,1
10493,8934,1
10495,8936,1
10500,8949,1
10501,8951,1
10503,8953,1
10493,8957,1
10493,8958,1
10506,8960,1
934,8964,1
10515,8978,1
10516,8981,1
10523,8991,1
10524,8992,1
10316,8997,1
10527,8999,1
10530,9002,1
10534,9007,1
10551,9038,1
10553,9040,1
10554,9041,1
10560,9047,1
10563,9050,1
10563,9065,1
10571,9069,1
10563,9070,1
10574,9075,1
10577,9080,1
10578,9083,1
10584,9093,1
10604,9119,1
10605,9120,1
10611,9130,1
10612,9132,1
10615,9138,1
10621,9148,1
10622,9148,1
10626,9158,1
10629,9163,1
10632,9167,1
10635,9169,1
10640,9178,1
10641,9181,1
10642,9183,1
10651,9206,1
10666,9230,1
1053,9231,1
10669,9234,1
10673,9242,1
10674,9243,1
10680,9251,1
10283,9255,1
10692,9282,1
10695,9287,1
10696,9291,1
10712,9329,1
10714,9335,1
10720,9354,1
10722,9368,1
10723,9369,1
10720,9372,1
10725,9378,1
10728,9390,1
10729,9391,1
10733,9404,1
10736,9413,1
10749,9436,1
10750,9438,1
10751,9440,1
10757,9443,1
10762,9444,1
10769,9450,1
10017,9453,1
10772,9453,1
10778,9456,1
10780,9456,1
10782,9457,1
10784,9458,1
10795,9474,1
10800,9482,1
10801,9485,1
10803,9487,1
10818,9500,1
10725,9507,1
10836,9520,1
10838,9522,1
10839,9523,1
10849,9549,1
10854,9556,1
10855,9556,1
10856,9556,1
10857,9557,1
10836,9557,1
10859,9560,1
10872,9570,1
10873,9570,1
10877,9575,1
10889,9587,1
10891,9587,1
10506,9591,1
10899,9598,1
10900,9599,1
10901,9600,1
10906,9607,1
10909,9618,1
10910,9619,1
10915,9628,1
892,9633,1
10920,9640,1
10926,9650,1
10915,9651,1
10930,9658,1
10931,9659,1
10934,9660,1
10935,9661,1
10939,9669,1
10941,9671,1
10945,9676,1
10950,9680,1
10960,9697,1
10516,9707,1
10968,9707,1
10970,9711,1
10975,9718,1
10977,9719,1
10980,9723,1
10983,9726,1
9985,9732,1
10990,9736,1
10997,9744,1
11003,9755,1
11010,9765,1
11025,9788,1
11031,9798,1
11033,9798,1
11036,9800,1
9958,9802,1
11038,9803,1
11041,9804,1
11042,9805,1
11044,9807,1
11050,9811,1
11052,9815,1
10997,9826,1
11064,9835,1
11068,9840,1
11076,9851,1
11078,9852,1
11081,9853,1
11082,9853,1
11085,9859,1
11089,9863,1
11068,9875,1
11068,9876,1
11089,9877,1
11003,9879,1
11100,9882,1
11101,9882,1
11102,9883,1
11103,9883,1
11104,9883,1
11105,9885,1
11109,9891,1
10733,9904,1
10733,9905,1
11122,9908,1
11124,9911,1
11109,9912,1
11126,9914,1
11130,9919,1
11131,9919,1
11133,9919,1
11135,9921,1
11133,9921,1
11138,9923,1
11139,9925,1
11143,9927,1
11145,9931,1
10733,9936,1
11149,9941,1
11151,9941,1
11153,9941,1
11154,9941,1
10736,9951,1
11161,9952,1
11162,9952,1
11168,9957,1
11169,9960,1
11170,9960,1
11173,9965,1
11174,9968,1
11176,9969,1
11178,9973,1
11124,9975,1
11185,9981,1
11186,9988,1
11190,9991,1
11193,9998,1
11185,10001,1
11174,10002,1
11170,10006,1
11203,10023,1
11206,10029,1
11208,10030,1
11213,10036,1
10674,10043,1
11219,10048,1
11220,10049,1
11220,10051,1
11238,10080,1
11245,10087,1
11246,10087,1
11251,10093,1
11253,10095,1
11255,10095,1
11259,10101,1
11266,10110,1
11271,10114,1
11276,10124,1
11277,10126,1
11279,10128,1
11286,10131,1
11295,10151,1
11299,10158,1
11304,10163,1
11306,10166,1
11295,10173,1
11310,10175,1
11135,10177,1
11311,10178,1
11320,10186,1
11324,10193,1
11326,10195,1
11329,10202,1
10728,10223,1
706,10228,1
11353,10252,1
11373,10268,1
10072,10269,1
11375,10270,1
11380,10273,1
11384,10274,1
11386,10277,1
11266,10282,1
11393,10289,1
11412,10318,1
11413,10319,1
11425,10339,1
11426,10342,1
11427,10342,1
11433,10348,1
11434,10349,1
11435,10350,1
11440,10356,1
11185,10360,1
11449,10373,1
11451,10376,1
11454,10380,1
11457,10385,1
11458,10387,1
11463,10399,1
11466,10402,1
11476,10417,1
11477,10418,1
11478,10423,1
11479,10425,1
11151,10425,1
11486,10436,1
11488,10441,1
11490,10442,1
11038,10448,1
10207,10458,1
11454,10459,1
10236,10463,1
11508,10468,1
10342,10494,1
11534,10496,1
10453,10496,1
11539,10500,1
11540,10500,1
11541,10500,1
11543,10504,1
11545,10504,1
10294,10507,1
11549,10509,1
11553,10512,1
11555,10515,1
11557,10516,1
11569,10537,1
11577,10549,1
11578,10550,1
11580,10551,1
11585,10555,1
11380,10556,1
11591,10564,1
10500,10583,1
11612,10598,1
11613,10599,1
11625,10619,1
10934,10623,1
11591,10635,1
11642,10641,1
11644,10645,1
11649,10655,1
11655,10659,1
10297,10683,1
11673,10691,1
11675,10693,1
11676,10695,1
11686,10714,1
11690,10719,1
10780,10722,1
11543,10740,1
9989,10759,1
11135,10770,1
10859,10779,1
11541,10799,1
11591,10863,1
11591,10864,1
11375,10865,1
11255,10902,1
10877,10909,1
11135,10944,1
10560,11100,1
11169,11134,1
10527,11159,1
10273,11179,1
11193,11213,1
11176,11225,1
10527,11265,1
9958,11341,1
10977,11344,1
11169,11350,1
11380,11407,1
11476,11410,1
11686,11487,1
11220,11499,1
10527,11503,1
11138,11512,1
9985,11530,1
10153,11637,1
893,11649,1
10970,11660,1
10058,11697,1
10554,11905,1
11539,11936,1
10729,12006,1
11238,12006,1
10934,12061,1
10145,12082,1
10930,12123,1
10930,12125,1
11413,12130,1
10977,12157,1
11193,12171,1
11149,12231,1
11393,12336,1
10757,12341,1
10207,12445,1
326,12480,1
9979,12526,1
10017,12529,1
9979,12642,1
10066,12763,1
11673,12825,1
10640,12839,1
9992,12888,1
10007,12963,1
11178,12967,1
11557,13030,1
10857,13499,1
11044,13575,1
10750,13684,1
9958,13693,1
10723,13697,1
10286,13733,1
10446,13779,1
10651,13838,1
10574,14032,1
1056,14072,1
11434,14133,1
10011,14141,1
10854,14276,1
10674,14289,1
11025,14302,1
10945,14550,1
9855,14576,1
10615,14627,1
10241,14683,1
10241,14706,1
10524,14729,1
11326,14774,1
11673,14779,1
10934,14802,1
11543,14857,1
10729,14885,1
10651,15119,1
11440,15155,1
11131,15249,1
11068,15268,1
10398,15336,1
11569,15347,1
10849,15353,1
10935,15379,1
10523,15488,1
10394,15516,1
10906,15530,1
10795,15610,1
9996,15688,1
10239,15732,1
10379,15761,1
9917,15839,1
11161,15861,1
11082,15861,1
10578,15948,1
10016,15966,1
10407,16040,1
10524,16103,1
892,16190,1
11131,16225,1
10641,16320,1
9917,16327,1
10968,16367,1
10153,16388,1
10641,16425,1
10105,16427,1
11449,16433,1
11033,16458,1
11162,16464,1
10252,16659,1
11486,16739,1
10900,16751,1
10723,16758,1
11151,16811,1
10234,16839,1
11380,16893,1
11038,16935,1
10403,16971,1
11064,17035,1
10762,17291,1
10330,17322,1
10501,17363,1
473,17374,1
10621,17398,1
11271,17501,1
11686,17548,1
10246,17580,1
9930,17653,1
10036,17655,1
10316,17689,1
10611,17750,1
10306,17775,1
458,17961,1
1001,17975,1
10252,17982,1
10176,18267,1
11266,18281,1
11449,18283,1
10729,18307,1
11458,18349,1
11178,18369,1
11577,18376,1
10437,18385,1
10872,18506,1
10355,18537,1
10795,18548,1
10554,18587,1
10350,18597,1
11440,18620,1
11578,18648,1
9893,18682,1
10112,18799,1
11151,18834,1
9917,18867,1
10906,18884,1
10213,18972,1
10309,19015,1
6514,19061,1
10241,19216,1
10034,19241,1
11477,19277,1
9951,19340,1
10017,19377,1
10728,19378,1
10733,19390,1
10516,19430,1
11052,19492,1
11052,19499,1
10255,19501,1
9887,19560,1
10872,19625,1
11130,19626,1
11690,19655,1
11154,19663,1
11440,19699,1
10554,19726,1
10641,19916,1
11380,19937,1
10145,19938,1
10722,19984,1
11545,20104,1
10615,20124,1
10554,20149,1
11540,20218,1
10093,20224,1
10604,20240,1
10495,20366,1
11089,20401,1
11642,20495,1
11253,20583,1
11676,20605,1
10493,20630,1
10493,20631,1
10975,20850,1
11466,20874,1
15943,20955,1
15946,20967,1
16001,21172,1
16006,21184,1
16007,21189,1
16008,21190,1
6518,21256,1
10350,21270,1
10551,21319,1
10341,21337,1
16001,21346,1
11238,21373,1
10176,21424,1
10501,21475,1
11255,21512,1
10309,21568,1
11478,21590,1
11246,21590,1
10058,21591,1
10330,21601,1
11440,21678,1
10611,21696,1
10501,21748,1
11625,21750,1
11031,21808,1
11329,21813,1
11434,21934,1
10635,21957,1
11585,21959,1
10099,22223,1
10367,22291,1
10330,22344,1
10330,22584,1
11081,22639,1
10762,22662,1
11612,22699,1
9855,22777,1
10377,22846,1
10336,22849,1
10012,22930,1
10143,22946,1
11457,23030,1
10042,23070,1
10782,23092,1
11033,23136,1
10012,23250,1
11412,23325,1
10975,23350,1
10990,23492,1
10784,23567,1
10523,23676,1
10651,23710,1
10297,23716,1
10501,23802,1
11105,24010,1
11255,24087,1
11173,24261,1
9992,24296,1
10551,24309,1
10926,24317,1
11543,24518,1
11458,24533,1
11162,24574,1
10757,24590,1
10056,24601,1
10306,24611,1
10757,24654,1
11044,24757,1
9862,24776,1
9935,24819,1
11259,24822,1
9887,25019,1
9887,25029,1
10990,25150,1
11138,25176,1
10336,25328,1
10696,25363,1
11412,25372,1
11161,25416,1
9989,25427,1
11306,25435,1
11153,25461,1
10149,25509,1
11310,25555,1
934,25676,1
9893,25710,1
10379,26028,1
10350,26089,1
11580,26171,1
6518,26405,1
11161,26492,1
9983,26576,1
10945,26578,1
9983,26578,1
11454,26586,1
11425,26761,1
11082,26809,1
11168,26883,1
11320,26995,1
11151,27050,1
11458,27051,1
11569,27055,1
10856,27095,1
10034,27214,1
11553,27269,1
10112,27296,1
10666,27411,1
10403,27435,1
10725,27458,1
10213,27485,1
11003,27530,1
9935,27556,1
10725,27564,1
10286,27588,1
10750,27604,1
6518,27605,1
10849,27742,1
10264,27765,1
10801,27826,1
9947,27919,1
10347,27987,1
10855,28153,1
10970,28162,1
10856,28169,1
10398,28170,1
10571,28186,1
10939,28252,1
11130,28322,1
10651,28325,1
10336,28370,1
11104,28392,1
11655,28437,1
9842,28512,1
9983,28534,1
11185,28566,1
10523,28619,1
10313,28674,1
10164,28887,1
10749,28907,1
10915,28956,1
11539,28960,1
10084,29208,1
10084,29209,1
11476,29258,1
10007,29264,1
9945,29282,1
11580,29424,1
9855,29564,1
10574,29738,1
11553,29778,1
10515,29888,1
11353,29953,1
11031,29958,1
10836,30160,1
10722,30213,1
11580,30225,1
10553,30283,1
10342,30388,1
10629,30412,1
10438,30518,1
10635,30542,1
11251,30543,1
10674,30591,1
10007,30618,1
10357,30640,1
10178,30664,1
10093,30722,1
10632,30728,1
11286,30789,1
11286,30896,1
9943,31018,1
11553,31266,1
10500,31349,1
11064,31402,1
11686,31433,1
11178,31474,1
9857,31487,1
11286,31543,1
10008,31574,1
10950,31619,1
11457,31738,1
10899,31756,1
10800,31880,1
10873,32040,1
10749,32409,1
10838,32448,1
10515,32462,1
10872,32462,1
11139,32532,1
10736,32620,1
10621,32702,1
16008,32757,1
10297,32801,1
10772,33049,1
10432,33086,1
11103,33195,1
10352,33247,1
9851,33388,1
10308,33395,1
10357,33430,1
16006,33431,1
11449,33503,1
10920,33521,1
11311,33534,1
10901,33628,1
11320,33666,1
10714,33696,1
10515,33750,1
11149,33841,1
10910,33865,1
10910,33942,1
11508,33963,1
11271,34014,1
10571,34037,1
10145,34157,1
11104,34210,1
10224,34270,1
10621,34288,1
11463,34364,1
10577,34390,1
11434,34422,1
10906,34539,1
10695,34587,1
10448,34711,1
11085,34713,1
10448,34784,1
11190,34895,1
10437,34976,1
11286,34989,1
10084,35016,1
10017,35150,1
10191,35317,1
10179,35401,1
11100,35513,1
10530,35537,1
10093,35691,1
11557,35720,1
11557,35723,1
10008,35869,1
10011,35901,1
10011,35905,1
10011,35906,1
10877,35918,1
10309,35974,1
10224,35988,1
11246,36131,1
9964,36188,1
10506,36218,1
9873,36240,1
11295,36267,1
9964,36299,1
9877,36387,1
10977,36414,1
9977,36426,1
11488,36476,1
11213,36480,1
326,36495,1
10551,36528,1
11625,36539,1
11686,36579,1
11085,36585,1
10357,36669,1
11320,36770,1
10941,36798,1
53,36855,1
9873,36872,1
10255,36923,1
11384,37086,1
967,37165,1
10612,37182,1
10859,37243,1
10178,37274,1
877,37291,1
10695,37411,1
10123,37423,1
10854,37542,1
10859,37571,1
11131,38036,1
9977,38097,1
11145,38117,1
9964,38125,1
10300,38127,1
10308,38173,1
10939,38208,1
11675,38236,1
10899,38262,1
11299,38333,1
10899,38394,1
10042,38556,1
11064,38628,1
10398,38666,1
9900,38676,1
9900,38677,1
9859,38712,1
11133,38841,1
11457,38842,1
16006,38860,1
11170,38871,1
11044,38892,1
10442,39033,1
10524,39053,1
11486,39062,1
10442,39071,1
10442,39072,1
10252,39100,1
10053,39248,1
11578,39270,1
10084,39401,1
11149,39453,1
9862,39520,1
11068,39631,1
11246,39760,1
11246,39783,1
10503,39808,1
10503,39809,1
10503,39810,1
958,39850,1
11245,39948,1
11245,39949,1
10889,40014,1
9983,40031,1
16001,40064,1
10910,40106,1
355,40121,1
10622,40164,1
682,40173,1
10516,40191,1
1035,40199,1
10198,40229,1
10632,40310,1
11170,40339,1
10680,40379,1
9943,40498,1
11122,40613,1
10123,40618,1
1163,40656,1
11081,40675,1
10186,40690,1
11259,40869,1
472,40883,1
10377,40917,1
10286,40917,1
10803,40978,1
934,40989,1
9979,41008,1
891,41009,1
10053,41070,1
11245,41129,1
11545,41183,1
10176,41248,1
11545,41291,1
415,41301,1
10411,41386,1
10232,41469,1
1001,41667,1
15943,41678,1
10750,41792,1
11271,41809,1
11490,41828,1
11644,41828,1
11569,41855,1
10273,41992,1
10012,42089,1
10626,42232,1
10859,42271,1
9877,42271,1
10515,42280,1
15943,42338,1
10234,42351,1
10680,42577,1
10615,42616,1
10352,42704,1
11143,42718,1
10873,42727,1
10056,42727,1
10056,42735,1
9977,42755,1
11169,42793,1
10143,42843,1
11130,42871,1
11299,42926,1
10857,43002,1
11193,43202,1
10909,43225,1
11649,43276,1
948,43276,1
11266,43308,1
10669,43448,1
11170,43523,1
10308,43547,1
10605,43573,1
15946,43596,1
10692,43666,1
11463,43773,1
10179,43835,1
10178,43838,1
11033,43978,1
11174,43986,1
10889,44010,1
10571,44061,1
10042,44099,1
10736,44110,1
9934,44145,1
10246,44175,1
1161,44333,1
10968,44453,1
706,44508,1
11025,44547,1
11479,44599,1
11451,44610,1
10234,44641,1
9992,44815,1
11451,44838,1
878,44862,1
53,44875,1
11299,44884,1
10772,44928,1
10191,44952,1
10666,45027,1
11041,45086,1
10612,45156,1
11154,45282,1
10906,45290,1
11185,45402,1
10178,45491,1
10437,45500,1
11044,45506,1
749,45551,1
9881,45573,1
11486,45595,1
11220,45630,1
10762,45696,1
9943,45757,1
890,45944,1
11259,46006,1
11329,46136,1
11585,46385,1
11031,46441,1
10236,46478,1
10930,46541,1
11329,46573,1
11105,46678,1
11577,46683,1
330,46697,1
10990,46738,1
11082,46924,1
11036,46996,1
10213,47015,1
10920,47119,1
11124,47130,1
11479,47194,1
11479,47261,1
11541,47261,1
10016,47319,1
6511,47367,1
11255,47497,1
11238,47525,1
9945,47540,1
10563,47650,1
11078,47664,1
958,47717,1
10523,47718,1
9917,47729,1
10002,47962,1
11220,48072,1
11477,48095,1
11541,48111,1
11042,48144,1
11109,48230,1
877,48292,1
826,48377,1
944,48390,1
11644,48497,1
9863,48513,1
10553,48687,1
11478,48709,1
10632,48772,1
11454,48798,1
880,48874,1
11038,48906,1
10207,49098,1
10941,49120,1
10145,49307,1
11311,49313,1
11295,49339,1
11277,49376,1
11143,49444,1
9977,49492,1
968,49493,1
742,49494,1
832,49522,1
11649,49546,1
9996,49630,1
9893,49690,1
10968,49756,1
9857,49800,1
11577,49961,1
11463,49964,1
10873,50001,1
9985,50036,1
10156,50131,1
10184,50141,1
11458,50187,1
10297,50335,1
11310,50429,1
10394,50503,1
10281,50523,1
743,50538,1
723,50555,1
9951,50578,1
643,50624,1
643,50625,1
9979,50669,1
528,50687,1
10800,50762,1
11025,50992,1
9859,50995,1
10273,51006,1
10990,51115,1
11324,51161,1
11324,51164,1
10950,51191,1
11259,51235,1
10411,51317,1
10036,51476,1
10856,51481,1
10036,51486,1
11089,51502,1
11276,51621,1
10098,51633,1
11050,51678,1
11145,51739,1
11555,51745,1
10729,51748,1
10503,51770,1
11277,51876,1
11138,51928,1
11569,51934,1
260,51965,1
11463,51995,1
9900,52201,1
11435,52256,1
10856,52295,1
10066,52302,1
10534,52303,1
10234,52308,1
10149,52346,1
11038,52456,1
11690,52509,1
10935,53018,1
10534,53021,1
251,53180,1
11425,53199,1
11176,53211,1
355,53383,1
10692,53424,1
11143,53515,1
10213,53589,1
11206,53598,1
10034,53627,1
10105,53710,1
10891,53780,1
9963,53798,1
10143,53801,1
643,53852,1
10926,53891,1
11003,53939,1
11003,53940,1
11178,54009,1
11277,54224,1
10263,54248,1
11412,54338,1
9963,54399,1
10997,54411,1
10997,54414,1
1056,54430,1
10153,54525,1
11557,54542,1
9862,54554,1
9964,54569,1
10873,54605,1
11425,54621,1
10560,54697,1
10264,54741,1
10008,54753,1
10347,54801,1
11277,54862,1
10909,54873,1
11393,54915,1
10098,54925,1
10012,54979,1
298,55036,1
10230,55095,1
10230,55096,1
11253,55098,1
10230,55101,1
11457,55189,1
11690,55252,1
11161,55322,1
11245,55449,1
11176,55596,1
11206,55636,1
892,55779,1
10714,55820,1
10167,55820,1
10314,55843,1
9872,55869,1
10156,55911,1
11193,56286,1
11534,56311,1
11476,56433,1
10147,56450,1
877,56613,1
10801,56645,1
10801,56647,1
10641,56691,1
11466,56769,1
11076,56997,1
10047,57114,1
896,57128,1
11299,57273,1
10950,57449,1
16008,57480,1
10534,57486,1
10571,57616,1
10281,57784,1
10604,57810,1
10854,57813,1
10714,57837,1
10105,57849,1
11490,57936,1
10780,57954,1
10626,58088,1
11104,58139,1
11190,58331,1
10002,58352,1
10714,58363,1
9851,58409,1
11543,58521,1
11102,58543,1
9877,58588,1
9842,58633,1
11306,58637,1
11251,58682,1
10047,58708,1
10341,58850,1
11534,58857,1
10692,58877,1
10621,58998,1
11176,59023,1
10909,59041,1
10475,59045,1
10475,59049,1
10072,59121,1
10635,59168,1
11042,59253,1
10495,59416,1
10377,59453,1
742,59627,1
9963,59674,1
10909,59679,1
10980,59689,1
9866,59717,1
9892,59809,1
10273,59903,1
10093,59942,1
10605,60423,1
10211,60435,1
6514,60543,1
11036,60632,1
10673,60674,1
11206,60961,1
15943,61044,1
11655,61129,1
10053,61139,1
10042,61395,1
10857,61411,1
9969,61429,1
11310,61745,1
11451,61792,1
10930,61819,1
11413,61873,1
9866,61885,1
10560,61965,1
11549,62101,1
10360,62150,1
10360,62153,1
10900,62154,1
16006,62180,1
11168,62203,1
10352,62205,1
11168,62226,1
896,62306,1
11642,62323,1
11025,62331,1
10983,62345,1
10877,62349,1
11153,62357,1
10800,62364,1
11041,62371,1
11041,62380,1
11326,62412,1
251,62479,1
11384,62579,1
878,62660,1
10189,63007,1
6511,63113,1
10782,63165,1
10357,63257,1
10390,63305,1
968,63320,1
10072,63364,1
11508,63424,1
10795,63447,1
11208,63447,1
11434,63501,1
16001,63677,1
10736,63682,1
10584,63709,1
10584,63711,1
11508,63714,1
10584,63718,1
11435,63778,1
10534,63900,1
11435,63992,1
10194,64008,1
21490,64099,1
9851,64105,1
10553,64108,1
21491,64109,1
21492,64118,1
21493,64135,1
10838,64264,1
21504,64328,1
21505,64360,1
21506,64361,1
21505,64370,1
21506,64373,1
11126,64375,1
11130,64375,1
21505,64381,1
11479,64412,1
11375,64428,1
21509,64438,1
21510,64439,1
21511,64451,1
21510,64457,1
21512,64460,1
11555,64469,1
21514,64547,1
21515,64556,1
21517,64556,1
21518,64569,1
1035,64612,1
21521,64687,1
21522,64780,1
11676,64805,1
21524,64896,1
21524,64898,1
21524,64899,1
21524,64902,1
10179,64905,1
21526,64927,1
11081,64978,1
21492,64985,1
21539,65091,1
21540,65164,1
21541,65172,1
21543,65192,1
10211,65196,1
21544,65202,1
11426,65202,1
21547,65223,1
21548,65233,1
21548,65236,1
21549,65239,1
21548,65240,1
11208,65244,1
10673,65256,1
21550,65301,1
21510,65301,1
21551,65324,1
21552,65324,1
21556,65384,1
21557,65384,1
21558,65394,1
21559,65416,1
10574,65424,1
11052,65441,1
21562,65514,1
10149,65543,1
10838,65548,1
21564,65571,1
9947,65579,1
9881,65585,1
21566,65595,1
21567,65595,1
21568,65604,1
21569,65607,1
21572,65613,1
21572,65625,1
21573,65628,1
21574,65628,1
21556,65647,1
21557,65647,1
10106,65658,1
21576,65696,1
21576,65707,1
11251,65708,1
11324,65760,1
21577,65772,1
16008,65783,1
11102,65794,1
10058,65824,1
10007,65834,1
21579,65836,1
21579,65838,1
21579,65839,1
21581,65861,1
21582,65863,1
16001,65869,1
21543,65873,1
10306,65874,1
9947,65878,1
10629,65911,1
11213,66004,1
10355,66023,1
10355,66024,1
21593,66053,1
21594,66057,1
21595,66063,1
748,66066,1
21596,66096,1
21597,66107,1
21598,66115,1
10782,66129,1
21599,66134,1
10803,66159,1
10945,66174,1
21601,66218,1
21,66218,1
10854,66220,1
21604,66285,1
21604,66292,1
10749,66314,1
360,66359,1
21613,66428,1
11271,66432,1
21619,66452,1
21621,66516,1
21623,66533,1
21627,66580,1
21631,66727,1
21631,66728,1
21632,66742,1
10838,66759,1
10901,66835,1
9930,66849,1
21635,66854,1
10232,66879,1
21637,66885,1
21638,66923,1
21638,66930,1
10836,67046,1
21582,67050,1
21641,67061,1
21541,67087,1
21641,67099,1
11078,67101,1
21641,67114,1
21509,67132,1
21647,67222,1
21648,67226,1
10198,67245,1
11690,67312,1
21649,67313,1
21654,67362,1
10666,67369,1
11186,67438,1
21661,67466,1
11208,67467,1
21662,67480,1
21663,67481,1
21665,67486,1
10611,67488,1
21511,67501,1
21668,67518,1
21668,67523,1
21668,67525,1
21669,67527,1
10432,67585,1
10939,67600,1
21673,67617,1
9969,67694,1
21677,67701,1
11203,67704,1
21638,67734,1
21678,67747,1
21679,67784,1
9930,67809,1
21680,67827,1
11203,67841,1
579,67859,1
21681,67880,1
21683,67885,1
10640,67886,1
21684,67891,1
21668,67926,1
21688,67933,1
21604,67942,1
21521,67944,1
10390,67953,1
11042,68027,1
21692,68052,1
11122,68056,1
21694,68064,1
11122,68072,1
21697,68087,1
21613,68102,1
10612,68113,1
21698,68116,1
10551,68135,1
21505,68207,1
21700,68216,1
9963,68238,1
21543,68238,1
21701,68244,1
11253,68335,1
21596,68357,1
21596,68360,1
11580,68373,1
21705,68388,1
21706,68392,1
10189,68401,1
21514,68401,1
21708,68601,1
21712,68609,1
9935,68609,1
21713,68610,1
9935,68610,1
11326,68614,1
10189,68618,1
10189,68619,1
21714,68620,1
21715,68628,1
21715,68629,1
10441,68642,1
21716,68655,1
9881,68691,1
21706,68714,1
21718,68717,1
21719,68732,1
21719,68745,1
21719,68763,1
749,68775,1
10246,68827,1
21722,68832,1
21723,68855,1
11612,68865,1
10680,68870,1
10390,68897,1
21544,68966,1
21727,68977,1
10968,68983,1
21728,68986,1
21728,68993,1
10056,69012,1
21733,69050,1
21734,69072,1
21736,69080,1
21737,69080,1
11649,69132,1
21741,69178,1
10099,69195,1
21744,69220,1
21736,69243,1
21638,69247,1
21627,69277,1
21747,69285,1
10720,69302,1
21748,69316,1
21749,69318,1
21749,69327,1
21544,69341,1
21751,69349,1
10016,69352,1
21752,69354,1
1053,69387,1
21754,69390,1
21755,69397,1
21514,69410,1
21756,69414,1
21722,69441,1
21722,69446,1
10725,69451,1
21758,69471,1
21764,69500,1
10186,69512,1
21764,69518,1
10143,69542,1
9906,69555,1
11454,69585,1
11206,69589,1
11644,69594,1
10313,69608,1
21767,69642,1
21768,69648,1
21769,69648,1
21770,69652,1
21771,69656,1
21772,69657,1
21770,69658,1
11208,69690,1
21773,69694,1
21722,69707,1
21776,69740,1
21782,69828,1
21783,69829,1
21784,69831,1
21783,69834,1
10167,69850,1
10615,69853,1
21787,69879,1
11036,69879,1
21788,69890,1
21789,69891,1
21514,69932,1
21791,70007,1
21663,70036,1
10674,70044,1
10236,70102,1
21567,70148,1
21567,70150,1
21768,70159,1
21801,70168,1
21802,70168,1
10411,70185,1
10411,70188,1
21803,70192,1
21803,70194,1
21635,70214,1
10038,70233,1
21665,70278,1
21663,70401,1
21809,70436,1
21811,70439,1
21812,70462,1
21814,70462,1
21574,70469,1
10239,70489,1
21815,70493,1
10612,70559,1
21756,70588,1
10294,70607,1
21663,70618,1
21818,70667,1
10123,70667,1
10915,70697,1
21815,70776,1
21822,70786,1
10211,70821,1
21632,70868,1
21632,70869,1
21825,70870,1
9930,70899,1
11050,70923,1
10695,70964,1
21828,70969,1
21828,70970,1
21828,70974,1
21830,71006,1
21830,71008,1
21830,71014,1
21833,71022,1
21706,71043,1
21834,71051,1
21747,71080,1
11131,71089,1
21748,71201,1
10578,71204,1
10283,71214,1
21841,71221,1
10308,71225,1
21842,71242,1
10611,71344,1
11508,71363,1
528,71400,1
415,71400,1
10629,71400,1
21848,71400,1
21,71400,1
21849,71400,1
21850,71437,1
21851,71441,1
21818,71457,1
11375,71467,1
10934,71469,1
21852,71484,1
21853,71484,1
21854,71490,1
11102,71529,1
21728,71558,1
21728,71564,1
11578,71568,1
21728,71569,1
10112,71589,1
21623,71648,1
9837,71666,1
11076,71667,1
21596,71700,1
21859,71711,1
21860,71731,1
9847,71809,1
21862,71813,1
21863,71814,1
21661,71821,1
21661,71822,1
10456,71828,1
10239,71833,1
21668,71850,1
21597,71885,1
10355,71890,1
10456,71906,1
21822,71924,1
473,71953,1
21767,72074,1
21873,72124,1
11010,72128,1
21851,72129,1
21576,72141,1
21576,72148,1
21874,72153,1
10626,72158,1
21876,72176,1
9859,72179,1
21679,72181,1
21877,72190,1
11135,72197,1
21878,72207,1
10712,72228,1
21882,72249,1
21883,72305,1
21860,72308,1
11613,72336,1
21889,72340,1
21854,72362,1
21891,72368,1
21718,72371,1
11126,72400,1
11081,72406,1
21893,72408,1
21894,72418,1
21894,72419,1
21577,72424,1
21896,72465,1
10034,72473,1
21897,72477,1
21822,72511,1
21698,72512,1
21822,72514,1
9900,72523,1
21637,72530,1
21889,72530,1
21898,72540,1
21899,72543,1
21627,72544,1
21787,72549,1
10527,72551,1
21901,72553,1
21902,72569,1
21906,72662,1
21906,72665,1
21906,72673,1
21842,72699,1
9859,72781,1
21747,72802,1
21910,72805,1
21911,72812,1
11033,72919,1
21906,72920,1
21801,72932,1
21802,72932,1
21706,72940,1
21916,72950,1
10632,72951,1
21917,72953,1
21917,72954,1
21918,72970,1
21601,73033,1
21922,73078,1
21567,73090,1
21543,73090,1
21601,73090,1
10899,73124,1
21924,73162,1
21925,73203,1
6514,73216,1
21930,73276,1
10931,73291,1
21932,73303,1
21933,73303,1
21934,73303,1
21601,73303,1
21,73303,1
21935,73303,1
21747,73303,1
21936,73303,1
21649,73332,1
21941,73380,1
10028,73442,1
21943,73476,1
10438,73482,1
21945,73537,1
21930,73608,1
11010,73624,1
21946,73765,1
21665,73772,1
21594,73773,1
21597,73787,1
10980,73853,1
21949,73862,1
21891,73881,1
21952,73914,1
21715,73942,1
11413,73997,1
11253,74085,1
10778,74086,1
21957,74096,1
21960,74125,1
21962,74141,1
21567,74141,1
21787,74155,1
10211,74158,1
21964,74163,1
11154,74163,1
11103,74170,1
10839,74185,1
10839,74186,1
21966,74189,1
11541,74193,1
21601,74199,1
21684,74205,1
21967,74221,1
21967,74222,1
21967,74226,1
21969,74227,1
21970,74227,1
11122,74232,1
21972,74252,1
21564,74271,1
21974,74272,1
21974,74275,1
21974,74276,1
21568,74280,1
21976,74296,1
21978,74302,1
21967,74363,1
10224,74375,1
21980,74433,1
11549,74528,1
21985,74531,1
21988,74533,1
21989,74540,1
9892,74542,1
21991,74552,1
21564,74552,1
21992,74552,1
21993,74552,1
9945,74596,1
10232,74632,1
10432,74690,1
21789,74695,1
21996,74704,1
11353,74712,1
21997,74715,1
21998,74716,1
21770,74744,1
1053,74762,1
10577,74824,1
10772,74838,1
22003,74843,1
11203,74865,1
21911,74920,1
22009,74927,1
22010,74928,1
22012,74949,1
22012,74954,1
22012,74955,1
22012,74961,1
21933,75033,1
22014,75039,1
6511,75074,1
21705,75130,1
22016,75178,1
10184,75190,1
21991,75230,1
21715,75233,1
21924,75249,1
22018,75276,1
958,75289,1
22021,75315,1
22022,75316,1
11174,75335,1
9969,75350,1
10680,75360,1
22025,75414,1
10640,75566,1
10983,75596,1
21960,75631,1
11311,75638,1
21680,75640,1
21680,75641,1
22012,75652,1
10723,75666,1
22034,75766,1
21632,75775,1
10028,75778,1
11102,75792,1
21969,75792,1
22035,75792,1
22036,75794,1
22037,75798,1
22038,75798,1
9969,75799,1
21751,75819,1
10263,75825,1
21941,75868,1
22041,75891,1
10475,75933,1
21514,76028,1
10750,76058,1
22045,76086,1
21504,76154,1
21504,76155,1
21662,76198,1
10448,76275,1
11169,76309,1
21598,76328,1
21598,76330,1
11109,76360,1
21943,76365,1
21899,76393,1
21899,76394,1
21899,76395,1
21899,76396,1
21722,76397,1
21943,76408,1
21943,76409,1
21598,76412,1
21598,76413,1
22056,76432,1
21566,76466,1
21972,76486,1
10283,76494,1
10394,76549,1
22061,76563,1
21577,76570,1
22063,76589,1
22063,76590,1
10300,76615,1
21719,76624,1
22065,76635,1
22066,76696,1
21594,76744,1
21972,76795,1
22069,76830,1
21960,76869,1
22071,76894,1
10246,76916,1
22073,76925,1
21688,76960,1
21688,76961,1
21688,76962,1
21993,76977,1
10066,76988,1
10900,77016,1
10872,77106,1
22037,77115,1
21882,77149,1
21771,77201,1
21526,77202,1
21769,77218,1
21924,77229,1
21597,77243,1
21597,77246,1
21723,77299,1
22080,77334,1
21862,77396,1
22084,77414,1
22086,77468,1
9855,77470,1
22087,77479,1
22087,77480,1
22087,77482,1
9881,77495,1
22089,77499,1
22087,77507,1
21749,77526,1
21749,77528,1
22090,77540,1
22091,77553,1
22091,77554,1
21752,77604,1
22034,77608,1
22093,77622,1
22093,77623,1
22093,77624,1
22094,77626,1
22095,77649,1
22021,77650,1
22096,77677,1
958,77706,1
22101,77813,1
21715,77822,1
22102,77832,1
21894,77849,1
10500,77858,1
10778,77893,1
21678,77900,1
22105,77920,1
10108,77923,1
10341,77923,1
22106,77923,1
21996,77926,1
11427,77930,1
21708,77934,1
22108,77970,1
22109,77975,1
21889,77991,1
21946,78006,1
21946,78007,1
22111,78016,1
22112,78018,1
22109,78019,1
22086,78021,1
22113,78028,1
10574,78060,1
22109,78103,1
22116,78106,1
21635,78115,1
22117,78141,1
22118,78142,1
22119,78202,1
22111,78204,1
10495,78205,1
10849,78205,1
21708,78215,1
21708,78219,1
22122,78225,1
21708,78229,1
9906,78233,1
21772,78239,1
22125,78253,1
21683,78260,1
22127,78263,1
22127,78264,1
22129,78284,1
11154,78298,1
219,78298,1
10983,78303,1
21873,78307,1
22133,78340,1
21539,78365,1
22135,78366,1
9934,78378,1
22129,78425,1
10910,78428,1
22138,78437,1
22111,78449,1
10784,78464,1
22035,78484,1
21573,78500,1
22141,78512,1
21802,78519,1
11279,78522,1
11373,78524,1
11050,78543,1
10889,78557,1
21902,78559,1
21776,78559,1
21902,78560,1
10530,78580,1
21776,78612,1
21916,78612,1
10106,78651,1
21647,78693,1
22144,78752,1
22145,78758,1
22146,78774,1
22146,78775,1
10530,78777,1
22147,78779,1
22149,78793,1
21727,78812,1
21758,78817,1
21906,78954,1
9989,78958,1
11036,79030,1
22153,79040,1
21811,79055,1
22158,79179,1
21936,79188,1
11295,79223,1
11276,79235,1
22160,79238,1
22160,79240,1
22160,79241,1
22160,79243,1
22160,79244,1
10314,79269,1
21850,79289,1
948,79296,1
16008,79299,1
22035,79341,1
22163,79375,1
22166,79446,1
22167,79471,1
22168,79493,1
21619,79496,1
21491,79497,1
21882,79516,1
22170,79540,1
22171,79584,1
10669,79586,1
22073,79673,1
22174,79713,1
22175,79713,1
21962,79713,1
896,79713,1
22122,79714,1
22176,79748,1
10232,79788,1
10458,79812,1
22184,79891,1
22186,79927,1
22189,79933,1
21891,79965,1
11676,80076,1
22191,80088,1
22191,80089,1
22191,80090,1
22192,80092,1
10281,80101,1
22193,80101,1
21673,80105,1
21962,80116,1
22195,80152,1
22109,80162,1
10437,80181,1
22196,80186,1
21952,80198,1
21952,80199,1
22116,80204,1
21946,80212,1
11373,80235,1
10191,80254,1
21631,80295,1
21631,80296,1
22135,80335,1
21522,80338,1
22035,80349,1
22200,80375,1
22201,80375,1
22202,80387,1
22203,80393,1
22207,80482,1
22209,80529,1
21681,80570,1
11625,80586,1
22212,80607,1
21936,80629,1
22213,80631,1
21541,80690,1
22214,80734,1
21772,80736,1
21741,80749,1
10316,80750,1
11427,80751,1
21566,80764,1
21970,80802,1
22109,80826,1
10264,80874,1
22223,80903,1
21737,80966,1
22225,80980,1
22227,81002,1
21673,81003,1
21811,81020,1
22229,81021,1
11329,81042,1
21876,81080,1
21559,81087,1
21559,81089,1
22231,81111,1
22232,81141,1
21569,81197,1
10891,81215,1
11427,81240,1
22236,81248,1
22237,81248,1
21891,81249,1
21714,81249,1
330,81263,1
22240,81305,1
22241,81310,1
22243,81339,1
11478,81351,1
22035,81365,1
22084,81366,1
22244,81369,1
22245,81402,1
21517,81402,1
22066,81402,1
22247,81402,1
22248,81410,1
22251,81466,1
22223,81594,1
11076,81602,1
22073,81628,1
21683,81633,1
22117,81685,1
22111,81744,1
22227,81778,1
21851,81806,1
21894,81818,1
22010,81821,1
21878,81821,1
22063,81837,1
22063,81838,1
22063,81839,1
22262,81879,1
10975,81893,1
21754,81908,1
21548,81915,1
11279,81983,1
10286,82008,1
10342,82019,1
21996,82019,1
21547,82024,1
21613,82058,1
10622,82080,1
21635,82096,1
22265,82120,1
22265,82123,1
22266,82134,1
11540,82147,1
11540,82149,1
22268,82155,1
10123,82155,1
21969,82180,1
22089,82191,1
21681,82215,1
22270,82241,1
22271,82250,1
11655,82256,1
260,82261,1
10407,82270,1
22203,82276,1
11427,82281,1
21772,82281,1
10769,82287,1
22274,82287,1
10803,82287,1
22191,82287,1
22094,82302,1
22276,82306,1
22277,82309,1
21860,82311,1
21684,82324,1
21716,82332,1
22279,82334,1
22196,82341,1
22279,82349,1
10038,82350,1
22279,82359,1
10038,82373,1
22116,82415,1
21998,82478,1
21949,82481,1
21678,82495,1
22285,82574,1
21576,82580,1
21776,82582,1
11126,82585,1
22186,82585,1
22287,82585,1
22018,82585,1
22223,82585,1
10801,82585,1
22200,82586,1
22290,82612,1
21842,82615,1
11412,82638,1
22295,82644,1
22297,82684,1
21825,82716,1
10002,82724,1
10002,82725,1
10749,82768,1
22287,82774,1
21716,82774,1
22300,82785,1
21910,82803,1
11085,82810,1
10314,82843,1
21972,82867,1
22236,82904,1
22301,82904,1
22071,82925,1
9877,82926,1
22303,82957,1
21964,82967,1
11266,83015,1
10584,83025,1
21492,83065,1
21492,83066,1
21889,83069,1
22125,83106,1
11486,83127,1
10360,83131,1
11549,83135,1
21980,83141,1
21980,83142,1
21980,83143,1
11612,83174,1
11612,83175,1
10795,83193,1
22071,83222,1
22312,83238,1
10915,83309,1
22236,83329,1
11042,83333,1
22314,83374,1
10778,83379,1
21683,83382,1
10500,83396,1
22315,83411,1
21637,83425,1
10106,83435,1
21801,83438,1
10945,83513,1
22319,83589,1
22093,83598,1
21665,83602,1
11153,83632,1
10352,83634,1
22073,83650,1
22325,83711,1
10926,83717,1
21943,83720,1
22268,83725,1
11673,83776,1
10980,83796,1
9873,83819,1
22327,83824,1
21809,83828,1
22328,83853,1
21751,83855,1
21751,83856,1
21789,83861,1
10341,83862,1
22232,83870,1
22232,83872,1
21898,83876,1
22232,83879,1
21898,83883,1
21898,83884,1
21784,83900,1
10695,83949,1
11109,83963,1
10475,83977,1
22331,83978,1
21893,83981,1
10836,84000,1
22332,84009,1
22176,84032,1
21723,84055,1
10784,84066,1
22334,84099,1
21834,84099,1
21737,84101,1
22334,84101,1
22335,84106,1
22337,84130,1
22118,84169,1
22338,84174,1
10458,84186,1
21771,84187,1
11251,84202,1
21859,84274,1
22343,84275,1
11126,84279,1
11549,84284,1
22344,84291,1
22344,84293,1
22153,84308,1
11279,84310,1
22345,84311,1
22345,84312,1
22345,84313,1
22346,84313,1
21916,84394,1
22335,84419,1
22349,84420,1
22350,84423,1
22350,84428,1
21678,84465,1
22189,84482,1
22189,84486,1
22352,84488,1
21862,84511,1
22066,84526,1
22355,84534,1
10047,84550,1
22245,84556,1
10818,84594,1
10379,84667,1
21949,84696,1
22096,84703,1
22359,84704,1
21539,84717,1
21661,84775,1
22361,84783,1
15946,84798,1
21850,84829,1
21526,84841,1
21526,84842,1
21491,84889,1
22363,84917,1
22364,84954,1
22090,84956,1
11539,84966,1
21663,84969,1
21594,84981,1
22367,85018,1
21859,85044,1
22087,85066,1
11655,85076,1
22071,85086,1
21876,85111,1
21818,85123,1
22370,85123,1
21818,85124,1
22370,85124,1
22371,85124,1
22372,85135,1
22373,85135,1
10458,85135,1
21933,85135,1
22117,85145,1
22118,85145,1
10524,85161,1
22145,85253,1
10941,85256,1
22375,85263,1
22375,85264,1
22376,85266,1
21562,85319,1
22359,85320,1
219,85320,1
22122,85320,1
21896,85353,1
22301,85371,1
22102,85384,1
22328,85384,1
11304,85397,1
21572,85430,1
22344,85445,1
10309,85478,1
21932,85479,1
22381,85491,1
22381,85492,1
21518,85496,1
21967,85499,1
22184,85503,1
21574,85525,1
10578,85557,1
22363,85567,1
10857,85573,1
22382,85581,1
22337,85592,1
22364,85593,1
22385,85613,1
22045,85622,1
21574,85645,1
11219,85677,1
10379,85684,1
21860,85750,1
21917,85801,1
22387,85801,1
22388,85817,1
22389,85835,1
21505,85855,1
21718,85882,1
22147,85913,1
22391,85924,1
21934,85931,1
21985,85932,1
11673,85935,1
22394,85959,1
22395,85960,1
21891,85972,1
22396,85986,1
10448,85996,1
22364,86014,1
11101,86025,1
22398,86050,1
967,86054,1
21934,86091,1
21802,86100,1
473,86130,1
21562,86158,1
22403,86200,1
22403,86211,1
21911,86228,1
11186,86248,1
21901,86267,1
21911,86273,1
21782,86297,1
22195,86316,1
22346,86330,1
21911,86332,1
11326,86332,1
21764,86334,1
21893,86336,1
22325,86336,1
21662,86362,1
10931,86376,1
10506,86405,1
22408,86419,1
22102,86423,1
22203,86430,1
22203,86431,1
22373,86437,1
11353,86474,1
22411,86481,1
10446,86544,1
22022,86563,1
10350,86575,1
22251,86580,1
22192,86581,1
22413,86623,1
10236,86625,1
21582,86635,1
10147,86639,1
10669,86642,1
21684,86643,1
11145,86669,1
10098,86682,1
22415,86705,1
10762,86745,1
22223,86754,1
21641,86796,1
21641,86797,1
10604,86809,1
22418,86847,1
10432,86851,1
21962,86875,1
22421,86898,1
22186,86903,1
22423,86903,1
22227,86903,1
22425,86903,1
21770,86903,1
22426,86903,1
21811,86939,1
22427,86952,1
22427,86955,1
22427,86956,1
22429,86970,1
22430,86971,1
22431,86998,1
10950,87028,1
22432,87033,1
22432,87034,1
22432,87035,1
22432,87036,1
22432,87037,1
22434,87041,1
22435,87045,1
22435,87050,1
22315,87062,1
22303,87062,1
22373,87062,1
22018,87062,1
21543,87062,1
22346,87062,1
22388,87062,1
21558,87122,1
22010,87152,1
21694,87163,1
21893,87233,1
22352,87239,1
10696,87243,1
22102,87252,1
22439,87261,1
22439,87262,1
22440,87286,1
22332,87305,1
22279,87361,1
11435,87377,1
11386,87412,1
22337,87435,1
21936,87442,1
9958,87482,1
22045,87492,1
21700,87508,1
22295,87537,1
21593,87549,1
21582,87556,1
21976,87590,1
22421,87602,1
21878,87626,1
21714,87630,1
22186,87630,1
21733,87630,1
22287,87630,1
11306,87630,1
22287,87631,1
21714,87632,1
22237,87632,1
10696,87640,1
22450,87654,1
1161,87656,1
10516,87672,1
11276,87686,1
22167,87692,1
22451,87726,1
21541,87773,1
22014,87776,1
22014,87777,1
22452,87797,1
22452,87798,1
22452,87799,1
22337,87803,1
21692,87809,1
21692,87810,1
22303,87811,1
22372,87811,1
21552,87811,1
22454,87811,1
22359,87811,1
22237,87812,1
22315,87812,1
10669,87816,1
10635,87832,1
22056,87838,1
22056,87839,1
22056,87840,1
10252,87868,1
10342,87876,1
21934,87903,1
22456,87903,1
22457,87942,1
21512,87991,1
10728,88004,1
21850,88008,1
21850,88038,1
21751,88051,1
22461,88074,1
22461,88075,1
21577,88076,1
22192,88088,1
22314,88098,1
21941,88109,1
21512,88121,1
10977,88148,1
22175,88155,1
10778,88172,1
11488,88186,1
21548,88189,1
21727,88202,1
11425,88223,1
21849,88258,1
10038,88259,1
21512,88260,1
21784,88271,1
22276,88271,1
22466,88272,1
22466,88273,1
21522,88275,1
22467,88276,1
22301,88348,1
22287,88358,1
22106,88358,1
11373,88360,1
9934,88391,1
9934,88396,1
22471,88397,1
21694,88397,1
11104,88397,1
22473,88461,1
22473,88462,1
21782,88478,1
22474,88492,1
22375,88544,1
22475,88587,1
22475,88589,1
22478,88607,1
22481,88633,1
21966,88633,1
22245,88633,1
21681,88648,1
10980,88650,1
21784,88665,1
10722,88665,1
22483,88666,1
21862,88703,1
22129,88708,1
22003,88716,1
21876,88726,1
22485,88729,1
10666,88730,1
22487,88771,1
21521,88793,1
21736,88823,1
22490,88825,1
21776,88825,1
22229,88840,1
21788,88857,1
22112,88952,1
9947,88962,1
11213,88963,1
11213,88966,1
22328,88988,1
10642,89004,1
22496,89016,1
22166,89027,1
11449,89056,1
22343,89060,1
21841,89078,1
11078,89085,1
22186,89087,1
10720,89087,1
11306,89087,1
21910,89087,1
21802,89087,1
21833,89092,1
22213,89100,1
11324,89102,1
21596,89115,1
22166,89138,1
22195,89147,1
22498,89153,1
22247,89165,1
6511,89166,1
11375,89180,1
22331,89206,1
22168,89207,1
21683,89222,1
10300,89223,1
22502,89246,1
22403,89256,1
22505,89277,1
10722,89299,1
22506,89314,1
22507,89332,1
22508,89336,1
22359,89341,1
22510,89341,1
22511,89370,1
22352,89403,1
22512,89429,1
22427,89444,1
21661,89450,1
21818,89456,1
22370,89457,1
22166,89476,1
22483,89478,1
21595,89482,1
11082,89488,1
22429,89488,1
22266,89534,1
22516,89555,1
22516,89559,1
10377,89600,1
22431,89638,1
21491,89638,1
22511,89697,1
21752,89735,1
22297,89741,1
10316,89778,1
22517,89801,1
21579,89804,1
21579,89805,1
22478,89816,1
22519,89847,1
22066,89849,1
22520,89861,1
21771,89866,1
10263,89883,1
22522,89884,1
21924,89921,1
21771,89973,1
22523,89976,1
22061,89986,1
22440,89990,1
21791,89992,1
22524,90004,1
22525,90035,1
22174,90039,1
21511,90040,1
22526,90045,1
22526,90046,1
22452,90055,1
10931,90068,1
22452,90070,1
11153,90104,1
22527,90107,1
11203,90156,1
22381,90162,1
11555,90176,1
9851,90178,1
892,90188,1
21997,90203,1
22102,90203,1
21705,90208,1
22271,90246,1
22532,90262,1
22533,90269,1
21764,90280,1
21980,90281,1
22525,90281,1
22297,90346,1
22297,90348,1
22297,90351,1
22534,90368,1
21834,90368,1
11103,90368,1
22485,90368,1
21873,90373,1
22440,90375,1
21680,90424,1
10901,90433,1
11219,90442,1
21841,90445,1
22093,90448,1
10300,90477,1
21669,90547,1
22525,90565,1
11076,90590,1
22534,90621,1
22119,90667,1
22389,90742,1
22016,90767,1
22388,90809,1
22539,90837,1
22415,90840,1
21621,90847,1
21572,90863,1
9847,90899,1
22227,90916,1
21679,90942,1
22542,90943,1
22543,90944,1
22519,90947,1
21801,90947,1
10642,90957,1
10156,90962,1
11173,90966,1
22545,90987,1
22546,90988,1
21773,90988,1
21783,90988,1
22545,90989,1
10696,91025,1
22141,91035,1
22243,91044,1
22127,91070,1
22127,91071,1
22550,91107,1
21623,91125,1
22551,91166,1
21562,91170,1
21978,91184,1
22327,91190,1
11010,91208,1
22196,91218,1
11490,91222,1
21997,91222,1
22554,91232,1
22045,91256,1
22382,91265,1
22556,91285,1
22558,91395,1
22559,91403,1
22346,91421,1
22113,91429,1
11675,91438,1
21701,91442,1
22209,91465,1
22209,91467,1
22090,91495,1
9943,91512,1
11186,91551,1
22300,91586,1
21550,91587,1
21949,91649,1
11219,91666,1
22527,91679,1
22559,91682,1
11138,91696,1
22372,91713,1
10099,91725,1
22566,91766,1
11041,91766,1
22086,91776,1
22096,91780,1
22086,91800,1
10367,91815,1
11105,91817,1
22086,91818,1
22430,91847,1
10757,91847,1
21539,91852,1
21694,91858,1
22571,91863,1
21770,91870,1
21552,91874,1
22395,91876,1
21550,91876,1
21748,91876,1
22411,91888,1
22573,91909,1
22010,91921,1
11488,91926,1
22141,91934,1
22418,91935,1
21782,91945,1
21791,91950,1
21996,91954,1
22574,91978,1
22153,92008,1
11393,92011,1
22575,92013,1
22534,92017,1
22474,92019,1
11613,92033,1
22512,92046,1
22576,92049,1
21842,92052,1
22478,92053,1
22559,92058,1
21744,92061,1
21680,92069,1
22577,92079,1
10530,92090,1
834,92122,1
22127,92145,1
21783,92177,1
21713,92177,1
21930,92177,1
22534,92218,1
22045,92230,1
21747,92244,1
10723,92251,1
22277,92254,1
22418,92268,1
22574,92281,1
10283,92299,1
10712,92302,1
21748,92350,1
21705,92350,1
22523,92375,1
22580,92376,1
22543,92396,1
22543,92399,1
22381,92448,1
11105,92457,1
22524,92461,1
22582,92476,1
22582,92479,1
22582,92480,1
22582,92482,1
22582,92486,1
22227,92526,1
22245,92536,1
21679,92539,1
22212,92540,1
21679,92540,1
10106,92587,1
22546,92625,1
22566,92647,1
22584,92648,1
10036,92648,1
22566,92648,1
22429,92648,1
21714,92655,1
11642,92668,1
22112,92685,1
22184,92694,1
21933,92706,1
834,92706,1
22587,92706,1
21562,92719,1
21556,92723,1
22589,92738,1
22481,92743,1
21902,92781,1
22590,92784,1
219,92788,1
10184,92807,1
22591,92839,1
21758,92839,1
21697,92842,1
11168,92850,1
22502,92868,1
22592,92872,1
21647,92878,1
22533,92878,1
22592,92879,1
22593,92888,1
21863,92892,1
22010,92982,1
22594,93028,1
22381,93033,1
11010,93052,1
22335,93061,1
21960,93126,1
9857,93144,1
22596,93150,1
22510,93162,1
22597,93162,1
21883,93163,1
10751,93167,1
22225,93176,1
11353,93215,1
22598,93222,1
11433,93223,1
21916,93236,1
22510,93244,1
22599,93245,1
22303,93245,1
10889,93245,1
22519,93245,1
21552,93245,1
21878,93245,1
11675,93245,1
22237,93245,1
22167,93245,1
21877,93245,1
22426,93245,1
22328,93250,1
22451,93256,1
22534,93260,1
22602,93262,1
16007,93268,1
22603,93275,1
21769,93293,1
10780,93302,1
22571,93335,1
10577,93338,1
10264,93338,1
22607,93338,1
21853,93346,1
22545,93355,1
9866,93370,1
21568,93391,1
21568,93392,1
21568,93393,1
22609,93419,1
10147,93445,1
22550,93467,1
22550,93468,1
10960,93486,1
21874,93489,1
22610,93507,1
22611,93544,1
22612,93561,1
22612,93562,1
22612,93563,1
21853,93567,1
22612,93568,1
21853,93569,1
21853,93570,1
22613,93591,1
22613,93595,1
22512,93602,1
22427,93643,1
22571,93651,1
21654,93656,1
22614,93660,1
22614,93661,1
22614,93665,1
22614,93666,1
22614,93667,1
10960,93720,1
22191,93728,1
22618,93766,1
21509,93771,1
11676,93783,1
22338,93785,1
22619,93829,1
22566,93855,1
22237,93855,1
22147,93855,1
22435,93856,1
22620,93877,1
21849,93879,1
21635,93880,1
22543,93885,1
22621,93900,1
22457,93907,1
21748,93907,1
22621,93908,1
22457,93911,1
21933,93915,1
22620,93915,1
22153,93917,1
22524,93924,1
21593,93933,1
11279,93939,1
22125,93941,1
21755,93944,1
22622,93946,1
21970,93949,1
22262,93961,1
22016,93991,1
22624,94003,1
22624,94004,1
9951,94054,1
22457,94100,1
22626,94104,1
22376,94104,1
22168,94107,1
22376,94109,1
22376,94116,1
22328,94120,1
22546,94124,1
21834,94124,1
21970,94124,1
22597,94170,1
10153,94181,1
22612,94202,1
22265,94228,1
22628,94235,1
11433,94246,1
11433,94247,1
11433,94248,1
21673,94279,1
21621,94323,1
22629,94385,1
21733,94387,1
22630,94387,1
10336,94387,1
9837,94387,1
22599,94394,1
21783,94404,1
10605,94406,1
22631,94429,1
22478,94490,1
9872,94528,1
22176,94533,1
22332,94533,1
10105,94568,1
11585,94571,1
22315,94579,1
22315,94580,1
22634,94596,1
22635,94603,1
22066,94607,1
11585,94620,1
22451,94647,1
360,94664,1
22519,94679,1
21801,94679,1
22638,94700,1
22391,94733,1
21619,94747,1
22168,94747,1
21638,94752,1
22558,94763,1
21697,94787,1
22274,94788,1
21564,94843,1
21712,94843,1
21694,94843,1
22471,94844,1
11162,94862,1
22147,94872,1
22641,94884,1
22641,94885,1
22641,94886,1
22641,94887,1
22641,94888,1
21957,94896,1
21970,94909,1
21893,94927,1
22456,94927,1
21692,94949,1
22251,94954,1
22244,94955,1
22232,94961,1
22319,94990,1
22643,94994,1
21962,95006,1
22539,95013,1
21713,95014,1
21637,95024,1
22645,95033,1
22646,95038,1
21896,95039,1
21896,95040,1
21896,95041,1
22490,95054,1
21830,95054,1
22647,95054,1
22648,95064,1
22626,95085,1
22331,95105,1
22338,95109,1
22345,95110,1
10390,95119,1
22650,95129,1
22650,95130,1
21809,95137,1
21930,95139,1
21662,95142,1
22651,95155,1
22628,95157,1
21673,95166,1
22413,95169,1
22413,95170,1
22385,95178,1
22652,95188,1
22594,95194,1
22594,95195,1
360,95204,1
21581,95213,1
10194,95230,1
10839,95236,1
21654,95237,1
22203,95255,1
9842,95261,1
22300,95263,1
22457,95264,1
10772,95283,1
21925,95289,1
21952,95297,1
21952,95298,1
22631,95348,1
22021,95374,1
10456,95376,1
22512,95376,1
22290,95376,1
11238,95376,1
22245,95376,1
21621,95376,1
22589,95376,1
16006,95376,1
22559,95376,1
10901,95390,1
22337,95430,1
22592,95431,1
21791,95440,1
22654,95463,1
22096,95469,1
21825,95476,1
22550,95495,1
22576,95517,1
10712,95566,1
21945,95575,1
22116,95631,1
10782,95641,1
22041,95647,1
22236,95658,1
21623,95663,1
21678,95663,1
22274,95667,1
22656,95667,1
22274,95668,1
22584,95669,1
22274,95669,1
22229,95690,1
22426,95705,1
11031,95756,1
22229,95773,1
10456,95804,1
22372,95804,1
21581,95804,1
22622,95862,1
22095,95862,1
22527,95863,1
21894,95891,1
22660,95917,1
22496,95933,1
11477,95951,1
21917,95960,1
22248,95966,1
22248,95967,1
22248,95968,1
22248,95969,1
22359,95981,1
21654,95982,1
22276,95982,1
22638,95990,1
21969,95994,1
11553,95999,1
11478,96005,1
22117,96013,1
22647,96013,1
22660,96020,1
22391,96037,1
22596,96038,1
22096,96055,1
21988,96083,1
22663,96086,1
22355,96092,1
22577,96108,1
11219,96118,1
21996,96151,1
22314,96166,1
22314,96167,1
22314,96170,1
9837,96173,1
21688,96183,1
22609,96214,1
22512,96219,1
22634,96219,1
11477,96240,1
9951,96243,1
22471,96267,1
10673,96267,1
22466,96279,1
22335,96283,1
22335,96284,1
21733,96286,1
22475,96286,1
21572,96286,1
22666,96286,1
22247,96289,1
21989,96290,1
21882,96291,1
22153,96294,1
21930,96304,1
21964,96324,1
21769,96326,1
10398,96347,1
22511,96364,1
22285,96378,1
21769,96431,1
10131,96433,1
10131,96434,1
10131,96435,1
10131,96437,1
10230,96439,1
11644,96440,1
22638,96458,1
22508,96461,1
21593,96462,1
21697,96470,1
21976,96477,1
21932,96497,1
22631,96511,1
22631,96512,1
21595,96520,1
21917,96522,1
10784,96534,1
9863,96548,1
21547,96558,1
22236,96563,1
21706,96563,1
22483,96564,1
22471,96564,1
21772,96564,1
22525,96564,1
22344,96574,1
22634,96586,1
21803,96589,1
9887,96590,1
22108,96590,1
21782,96590,1
21764,96590,1
22207,96590,1
21860,96600,1
21558,96601,1
11534,96612,1
11534,96616,1
21627,96630,1
22671,96663,1
22338,96680,1
22388,96703,1
22672,96711,1
22672,96717,1
22672,96718,1
22672,96719,1
21504,96725,1
10156,96725,1
22673,96728,1
11642,96731,1
21752,96731,1
21957,96736,1
22372,96739,1
22674,96739,1
832,96743,1
22225,96758,1
21491,96772,1
22478,96795,1
22376,96813,1
22056,96818,1
11373,96831,1
22554,96845,1
22009,96847,1
22483,96849,1
22647,96849,1
22483,96850,1
22590,96851,1
22138,96864,1
22677,96908,1
22022,96910,1
10720,96910,1
22125,96911,1
21512,96932,1
22645,96934,1
22014,96936,1
22680,96944,1
22628,96946,1
10818,96950,1
22009,96955,1
10877,96969,1
22684,96985,1
22370,97038,1
22371,97038,1
22573,97040,1
22573,97041,1
22573,97042,1
22573,97043,1
22418,97052,1
22373,97060,1
22454,97060,1
10673,97063,1
22116,97066,1
22195,97075,1
22118,97110,1
22558,97112,1
21825,97127,1
10194,97129,1
10194,97134,1
11174,97135,1
22599,97166,1
22599,97167,1
21556,97174,1
21557,97174,1
22089,97240,1
21662,97284,1
22589,97307,1
10975,97314,1
10712,97335,1
9847,97358,1
22688,97360,1
21897,97376,1
21897,97377,1
22689,97388,1
21989,97389,1
22689,97389,1
22689,97391,1
21989,97392,1
21989,97393,1
22689,97394,1
22592,97397,1
22138,97397,1
22350,97402,1
22350,97403,1
22690,97416,1
22213,97424,1
22166,97448,1
22041,97507,1
22135,97511,1
10072,97512,1
21647,97520,1
1147,97526,1
22122,97579,1
21849,97604,1
22346,97629,1
22192,97634,1
22192,97635,1
22391,97647,1
22145,97648,1
22584,97678,1
22167,97687,1
21550,97703,1
22391,97721,1
22546,97726,1
22490,97726,1
21830,97726,1
21902,97726,1
22647,97726,1
6518,97726,1
22277,97740,1
11100,97802,1
22507,97842,1
21654,97850,1
22223,97850,1
10997,97858,1
22673,97913,1
22426,97916,1
21957,97920,1
21974,97925,1
21974,97926,1
21862,97940,1
21978,97976,1
21789,97983,1
21789,97984,1
22523,97999,1
22523,98000,1
22523,98002,1
21993,98013,1
22461,98057,1
22461,98058,1
22461,98059,1
22680,98062,1
21988,98065,1
21803,98074,1
222,98088,1
22061,98122,1
22696,98124,1
22699,98190,1
22680,98191,1
11162,98213,1
22701,98221,1
9847,98226,1
22654,98228,1
22176,98228,1
21842,98243,1
22526,98244,1
11173,98252,1
10939,98263,1
22496,98264,1
749,98273,1
22702,98273,1
22496,98284,1
22429,98294,1
10263,98307,1
22506,98326,1
22268,98327,1
22117,98327,1
22429,98332,1
22703,98379,1
22638,98380,1
22703,98381,1
22703,98382,1
22703,98384,1
22703,98386,1
21934,98422,1
10642,98423,1
22622,98454,1
22545,98458,1
22571,98466,1
22421,98480,1
22598,98505,1
22643,98508,1
22706,98513,1
22706,98514,1
22706,98515,1
22706,98518,1
22707,98520,1
22711,98550,1
22133,98552,1
22711,98586,1
21925,98586,1
22526,98587,1
11103,98587,1
22037,98590,1
22696,98590,1
22696,98594,1
22551,98600,1
21873,98642,1
21901,98680,1
22403,98681,1
22714,98714,1
22589,98714,1
22680,98715,1
22714,98716,1
22589,98716,1
22212,98728,1
22551,98728,1
22135,98788,1
21998,98797,1
21701,98806,1
22071,98866,1
21873,98867,1
22213,98867,1
22716,98872,1
22061,98872,1
21949,98890,1
22408,98893,1
22408,98894,1
22558,98917,1
22717,98924,1
22718,98963,1
15946,99008,1
22719,99062,1
22680,99063,1
11100,99064,1
10855,99064,1
11100,99067,1
21814,99069,1
21509,99088,1
22551,99094,1
22720,99103,1
22674,99119,1
22421,99131,1
21665,99131,1
22721,99141,1
11451,99153,1
22091,99172,1
22721,99180,1
22720,99190,1
11089,99193,1
22689,99200,1
22650,99218,1
22522,99240,1
22720,99242,1
21922,99252,1
22587,99270,1
22571,99270,1
6514,99281,1
21756,99337,1
10692,99361,1
21712,99373,1
21712,99375,1
22622,99378,1
21773,99394,1
22385,99394,1
22723,99421,1
22175,99428,1
21737,99444,1
21515,99444,1
21737,99449,1
21515,99449,1
944,99460,1
22620,99463,1
11145,99467,1
22069,99469,1
21784,99471,1
21511,99483,1
22184,99492,1
22270,99523,1
22454,99536,1
22545,99571,1
10578,99595,1
22714,99597,1
22714,99599,1
22714,99601,1
21677,99624,1
22025,99628,1
21791,99643,1
10891,99692,1
22167,99697,1
22638,99703,1
22106,99718,1
22106,99721,1
21841,99737,1
10184,99741,1
22106,99766,1
22319,99777,1
22319,99778,1
22244,99783,1
21647,99849,1
22725,99852,1
21511,99864,1
22036,99896,1
22247,99902,1
22525,99902,1
22270,99941,1
22247,99962,1
22726,99971,1
11310,99978,1
22119,99998,1
22089,100051,1
22727,100056,1
22566,100076,1
22656,100113,1
22584,100114,1
22656,100114,1
22656,100116,1
22656,100119,1
22654,100126,1
22176,100126,1
21719,100189,1
22268,100197,1
10438,100201,1
22133,100219,1
22721,100222,1
22036,100226,1
22646,100226,1
22361,100226,1
22542,100253,1
22721,100261,1
22721,100265,1
22624,100272,1
22624,100278,1
22624,100283,1
10622,100286,1
22647,100318,1
21744,100335,1
22672,100335,1
22707,100335,1
21851,100343,1
22554,100402,1
10179,100437,1
21734,100555,1
22426,100555,1
21883,100575,1
21595,100578,1
22596,100590,1
22367,100605,1
21852,100632,1
22003,100632,1
22158,100676,1
22271,100699,1
22643,100700,1
22723,100726,1
21936,100744,1
22650,100750,1
22375,100787,1
22677,100788,1
22498,100800,1
22389,100818,1
10176,100821,1
22498,100830,1
10403,100872,1
22440,100875,1
22701,100878,1
22660,100886,1
22660,100887,1
22609,100889,1
10164,100889,1
586,100889,1
22145,100891,1
22660,100896,1
21852,100901,1
22095,100905,1
21848,100905,1
21773,100910,1
22684,100986,1
22003,100998,1
22355,101003,1
21978,101016,1
22507,101017,1
21669,101023,1
22343,101052,1
22466,101072,1
22496,101077,1
22580,101079,1
10016,101096,1
22423,101096,1
22584,101111,1
21916,101120,1
21997,101121,1
10855,101147,1
10983,101228,1
22532,101246,1
22532,101248,1
21677,101263,1
22706,101266,1
22262,101266,1
21852,101266,1
22551,101269,1
22516,101309,1
893,101316,1
22533,101317,1
21898,101326,1
10626,101327,1
22720,101348,1
22613,101356,1
21848,101443,1
10855,101445,1
22450,101454,1
22613,101460,1
21723,101479,1
22609,101488,1
22577,101490,1
22018,101500,1
22684,101501,1
22711,101502,1
10553,101502,1
22526,101502,1
22122,101521,1
22620,101521,1
22338,101643,1
22511,101662,1
21811,101664,1
22711,101683,1
21734,101688,1
21918,101689,1
21515,101690,1
22241,101694,1
22149,101713,1
22702,101713,1
22118,101715,1
22319,101725,1
21493,101739,1
21493,101740,1
21991,101751,1
21991,101752,1
21991,101753,1
22408,101758,1
22592,101759,1
22251,101770,1
21882,101771,1
22699,101771,1
22673,101777,1
10839,101778,1
21787,101779,1
21758,101783,1
10347,101786,1
22355,101800,1
21918,101801,1
22355,101803,1
22175,101806,1
22423,101806,1
21877,101806,1
22599,101833,1
10108,101839,1
10108,101843,1
22095,101844,1
22718,101846,1
10207,101868,1
22145,101869,1
22262,101869,1
22018,101886,1
22268,101911,1
22290,101911,1
10053,101911,1
10926,101919,1
21957,101922,1
22597,101953,1
22207,101984,1
21573,101985,1
22546,101996,1
22628,102002,1
11426,102002,1
22418,102011,1
22196,102019,1
16007,102031,1
22389,102056,1
22542,102096,1
21773,102110,1
22174,102114,1
21701,102124,1
21924,102132,1
22542,102154,1
21621,102159,1
22364,102159,1
21767,102180,1
21767,102181,1
22290,102189,1
22754,102189,1
21549,102200,1
21549,102201,1
22244,102209,1
22439,102224,1
22539,102228,1
22212,102230,1
22508,102241,1
22542,102241,1
928,102246,1
21692,102254,1
21925,102259,1
21556,102262,1
10931,102289,1
11386,102291,1
22262,102297,1
22652,102307,1
22684,102353,1
22671,102405,1
22423,102435,1
10108,102450,1
10191,102458,1
21649,102463,1
22723,102471,1
21681,102488,1
22611,102491,1
21972,102494,1
21541,102505,1
21492,102506,1
22702,102507,1
22702,102508,1
21848,102509,1
22550,102547,1
22367,102555,1
22619,102561,1
22240,102565,1
22349,102565,1
22602,102576,1
22440,102578,1
9906,102598,1
10394,102613,1
21828,102627,1
21976,102642,1
10751,102706,1
22673,102707,1
10751,102707,1
22423,102744,1
22375,102775,1
22498,102788,1
22498,102789,1
10129,102817,1
22590,102818,1
22717,102838,1
10441,102843,1
22312,102857,1
16007,102861,1
21577,102868,1
21945,102878,1
22195,102881,1
21758,102884,1
22373,102887,1
22597,102887,1
287,102894,1
10960,102899,1
22456,102920,1
22065,102970,1
22065,102971,1
11625,103000,1
22717,103009,1
21925,103012,1
22577,103034,1
21515,103068,1
22502,103088,1
22451,103088,1
22502,103099,1
22244,103109,1
10818,103110,1
22113,103114,1
22398,103156,1
22398,103181,1
22398,103182,1
22149,103208,1
10506,103231,1
22184,103247,1
22654,103269,1
22396,103287,1
22214,103296,1
9892,103311,1
11124,103317,1
9872,103334,1
9872,103335,1
22609,103365,1
22645,103366,1
22645,103367,1
22645,103368,1
22508,103373,1
1056,103391,1
21700,103391,1
22430,103422,1
22430,103423,1
22717,103424,1
22723,103467,1
21552,103478,1
21566,103478,1
21723,103490,1
22111,103491,1
22175,103534,1
22510,103534,1
11545,103549,1
16007,103551,1
22673,103601,1
22158,103602,1
10314,103631,1
21569,103638,1
11578,103655,1
22674,103655,1
21788,103661,1
10367,103686,1
21859,103692,1
10560,103703,1
22038,103713,1
22034,103756,1
22034,103757,1
22034,103758,1
22073,103765,1
22363,103765,1
10453,103774,1
22701,103777,1
21727,103809,1
22520,103814,1
22519,103827,1
21493,103842,1
22301,103860,1
21901,103868,1
586,103869,1
21812,103871,1
22603,103873,1
10294,103876,1
22651,103887,1
22502,103894,1
10347,103902,1
22331,103902,1
22388,103903,1
22677,103906,1
22212,103912,1
11085,103927,1
22508,103929,1
21985,103950,1
22773,104029,1
22517,104033,1
22517,104034,1
22270,104059,1
22575,104075,1
21506,104096,1
21506,104098,1
22522,104105,1
22652,104175,1
22596,104189,1
22775,104197,1
22707,104207,1
9893,104211,1
22711,104213,1
11276,104227,1
11466,104243,1
22213,104246,1
21727,104258,1
21547,104277,1
10769,104280,1
21547,104286,1
21741,104294,1
22113,104297,1
22095,104334,1
22021,104334,1
21522,104334,1
22666,104334,1
22485,104334,1
21997,104337,1
22603,104349,1
15946,104356,1
22650,104357,1
22327,104360,1
21960,104366,1
22778,104376,1
22279,104379,1
22285,104428,1
22229,104431,1
22091,104484,1
22141,104505,1
22779,104507,1
22038,104509,1
21558,104516,1
10164,104532,1
21581,104550,1
22022,104560,1
22101,104563,1
22702,104573,1
22091,104574,1
22576,104591,1
22674,104603,1
11186,104610,1
21754,104615,1
22780,104665,1
22780,104666,1
22780,104668,1
22594,104694,1
21910,104712,1
22723,104725,1
21593,104728,1
21517,104735,1
22631,104780,1
22036,104794,1
22243,104796,1
10920,104798,1
9863,104804,1
11386,104805,1
22300,104823,1
22577,104836,1
10149,104848,1
22112,104872,1
22112,104895,1
21734,104900,1
22240,104920,1
22240,104921,1
22618,104922,1
22240,104922,1
22539,104953,1
22395,104971,1
21509,104971,1
21897,104971,1
22622,104980,1
21848,104980,1
21922,105004,1
22138,105052,1
21828,105065,1
22343,105091,1
22559,105097,1
22041,105099,1
21712,105101,1
22425,105101,1
22425,105104,1
22425,105107,1
21713,105117,1
22276,105117,1
22312,105117,1
21517,105138,1
10458,105139,1
21604,105140,1
22651,105180,1
22603,105194,1
22646,105206,1
21490,105243,1
22618,105247,1
22593,105257,1
22607,105259,1
21815,105260,1
22487,105271,1
11539,105272,1
21518,105321,1
22434,105329,1
21756,105360,1
22684,105379,1
586,105379,1
22408,105404,1
21613,105424,1
10098,105426,1
22467,105430,1
21883,105439,1
21863,105445,1
22626,105472,1
22285,105474,1
11124,105503,1
22200,105527,1
10281,105548,1
10605,105551,1
22295,105554,1
22025,105555,1
22726,105567,1
22596,105581,1
22425,105623,1
21540,105628,1
21849,105628,1
22688,105629,1
22539,105632,1
22241,105638,1
22688,105639,1
9842,105641,1
11649,105656,1
21573,105659,1
22312,105669,1
10112,105681,1
21510,105697,1
22243,105698,1
10800,105712,1
21755,105725,1
22727,105731,1
22727,105735,1
22533,105735,1
11426,105810,1
21833,105823,1
22602,105824,1
22602,105825,1
21833,105826,1
22602,105827,1
22663,105848,1
21604,105859,1
11304,105881,1
22603,105906,1
22726,105907,1
22382,105912,1
22485,105915,1
22395,105916,1
22352,105923,1
22688,105928,1
22312,105931,1
21716,105942,1
21854,105983,1
22133,105985,1
22725,105993,1
22626,106026,1
22580,106028,1
22580,106029,1
21551,106037,1
11426,106052,1
21619,106066,1
10849,106066,1
22629,106066,1
22344,106072,1
9996,106074,1
21755,106075,1
22133,106075,1
21599,106075,1
22527,106075,1
21852,106075,1
21897,106075,1
22607,106075,1
22795,106075,1
22038,106083,1
22456,106092,1
22666,106104,1
22434,106105,1
22487,106112,1
1025,106119,1
21718,106124,1
22775,106134,1
21627,106136,1
22652,106153,1
22331,106203,1
10769,106251,1
21594,106262,1
22574,106269,1
22574,106272,1
22174,106282,1
21985,106300,1
22385,106302,1
21922,106353,1
22396,106375,1
22520,106387,1
11488,106391,1
22325,106393,1
21522,106398,1
10453,106407,1
22125,106414,1
21549,106419,1
22349,106426,1
21744,106427,1
22170,106443,1
22485,106459,1
21521,106543,1
10495,106553,1
22527,106559,1
21822,106560,1
22016,106594,1
22295,106595,1
10306,106596,1
21517,106604,1
22174,106605,1
10604,106632,1
22209,106637,1
10167,106656,1
21985,106676,1
22147,106694,1
22021,106711,1
21632,106719,1
21551,106732,1
21551,106733,1
21551,106734,1
21684,106783,1
22065,106787,1
22065,106788,1
22101,106806,1
21964,106810,1
11052,106876,1
22265,106896,1
22225,106911,1
22575,106914,1
22635,106942,1
22332,106945,1
22332,106946,1
21677,106948,1
21677,106951,1
22200,106958,1
11320,106960,1
22084,106992,1
22471,106992,1
22387,106992,1
10441,106995,1
22554,107003,1
22651,107006,1
21741,107009,1
22473,107019,1
219,107033,1
22363,107072,1
22363,107077,1
22038,107081,1
22163,107106,1
22163,107107,1
22163,107108,1
22163,107109,1
21744,107124,1
22707,107124,1
21752,107124,1
21733,107133,1
22364,107133,1
22241,107145,1
22014,107151,1
21932,107161,1
21834,107161,1
22701,107169,1
22801,107223,1
21889,107231,1
22395,107255,1
22630,107286,1
21877,107286,1
22805,107303,1
22805,107305,1
22805,107306,1
22805,107310,1
22805,107311,1
22069,107312,1
22806,107331,1
22105,107348,1
22807,107362,1
22666,107363,1
9862,107393,1
22809,107400,1
11490,107404,1
21504,107414,1
11064,107446,1
22511,107448,1
22325,107484,1
22003,107488,1
21918,107498,1
10780,107505,1
21582,107512,1
22090,107527,1
22556,107541,1
22556,107542,1
22556,107543,1
22556,107544,1
21599,107549,1
21809,107563,1
22630,107576,1
586,107576,1
21540,107611,1
22814,107611,1
22394,107631,1
934,107634,1
22352,107636,1
21506,107636,1
10255,107643,1
22303,107649,1
22814,107700,1
22754,107702,1
22754,107703,1
21669,107713,1
21518,107715,1
22628,107722,1
21490,107729,1
22450,107731,1
21932,107737,1
22717,107742,1
21918,107752,1
21736,107760,1
21564,107760,1
22629,107766,1
21526,107769,1
10099,107776,1
11476,107779,1
21559,107784,1
21559,107785,1
21648,107788,1
22505,107790,1
21859,107802,1
22382,107818,1
21741,107819,1
10403,107826,1
22108,107833,1
21599,107860,1
22300,107860,1
22394,107860,1
10891,107867,1
22138,107885,1
22266,107895,1
1056,107899,1
10941,107911,1
10367,107920,1
11555,107920,1
22467,107926,1
22144,107927,1
22652,107930,1
22814,107931,1
21493,107950,1
22170,107991,1
10640,108001,1
22411,108019,1
22411,108021,1
22411,108022,1
22025,108024,1
22382,108067,1
22084,108069,1
22084,108072,1
22439,108090,1
22635,108098,1
22430,108105,1
22301,108116,1
21713,108116,1
9985,108116,1
22413,108116,1
22241,108156,1
21619,108161,1
22037,108175,1
10047,108177,1
22651,108188,1
11311,108241,1
21700,108256,1
22726,108280,1
22626,108284,1
22105,108284,1
10438,108320,1
22597,108322,1
22069,108324,1
11139,108334,1
22618,108377,1
21988,108385,1
22214,108389,1
22467,108427,1
22481,108430,1
21540,108430,1
22594,108439,1
21992,108480,1
10167,108483,1
10066,108495,1
21833,108512,1
22061,108518,1
11466,108527,1
21569,108533,1
22809,108560,1
22809,108562,1
22809,108563,1
22809,108564,1
22814,108589,1
22831,108604,1
22467,108627,1
22385,108627,1
22149,108627,1
22189,108627,1
22225,108634,1
22119,108654,1
22009,108658,1
21734,108670,1
22144,108671,1
22290,108674,1
22688,108679,1
21637,108704,1
22832,108710,1
22629,108728,1
22022,108738,1
22593,108769,1
21854,108771,1
22108,108780,1
22396,108801,1
893,108835,1
21935,108835,1
22575,108836,1
21736,108852,1
21540,108872,1
22069,108887,1
22490,108892,1
22506,108897,1
22171,108906,1
22276,108910,1
22558,108943,1
22370,108955,1
21998,108958,1
21649,108975,1
22193,108976,1
22193,108977,1
22814,108979,1
22193,108982,1
22193,108983,1
21941,108999,1
21768,109008,1
21566,109008,1
22454,109008,1
22806,109008,1
21877,109008,1
10198,109015,1
22277,109027,1
21574,109030,1
11133,109036,1
21788,109084,1
10818,109111,1
11133,109112,1
22554,109117,1
1001,109158,1
22202,109158,1
22635,109171,1
22231,109178,1
10920,109182,1
21946,109186,1
22621,109190,1
22621,109191,1
22621,109192,1
22349,109245,1
22754,109246,1
10935,109246,1
22349,109246,1
22630,109247,1
22630,109248,1
22473,109268,1
10255,109273,1
22533,109273,1
21812,109275,1
10313,109282,1
10970,109296,1
22590,109298,1
22524,109305,1
21825,109308,1
11304,109327,1
22473,109332,1
22036,109332,1
11613,109337,1
1053,109337,1
22666,109337,1
22520,109363,1
10453,109365,1
22701,109382,1
21631,109384,1
22214,109384,1
22806,109388,1
22170,109395,1
22196,109403,1
21841,109446,1
22207,109452,1
22108,109488,1
22590,109490,1
22421,109493,1
10164,109502,1
22251,109512,1
22778,109513,1
22646,109560,1
21854,109567,1
10313,109581,1
21878,109599,1
11577,109604,1
11149,109630,1
21700,109644,1
22119,109660,1
22780,109673,1
22094,109678,1
22696,109683,1
21649,109707,1
21524,109708,1
9945,109708,1
11591,109716,1
21490,109752,1
22576,109778,1
10441,109791,1
22778,109858,1
22466,109904,1
22387,109907,1
22144,109910,1
928,109917,1
21812,109945,1
21966,109951,1
22158,109974,1
22663,109977,1
22343,109977,1
21992,109977,1
22699,109980,1
22481,110007,1
10577,110031,1
21569,110031,1
22607,110031,1
22795,110031,1
21705,110043,1
22431,110045,1
22431,110046,1
21998,110071,1
10642,110078,1
21812,110087,1
21814,110087,1
21966,110087,1
22648,110087,1
22168,110094,1
10960,110110,1
21539,110124,1
21787,110147,1
21945,110164,1
21803,110175,1
21557,110199,1
22648,110199,1
22719,110208,1
10970,110245,1
21992,110245,1
21988,110251,1
21993,110251,1
22725,110270,1
21814,110303,1
22725,110305,1
9996,110325,1
22403,110331,1
21976,110340,1
22325,110368,1
9892,110374,1
22171,110375,1
22080,110390,1
22080,110391,1
22080,110392,1
22080,110393,1
22613,110396,1
22663,110440,1
22727,110464,1
22361,110480,1
22719,110483,1
21599,110495,1
21876,110519,1
22648,110531,1
22598,110559,1
22847,110565,1
22847,110566,1
22847,110567,1
22847,110569,1
22847,110570,1
22490,110573,1
21613,110585,1
22778,110595,1
22778,110596,1
22474,110611,1
22474,110613,1
22474,110614,1
22806,110637,1
22200,110643,1
22041,110647,1
21669,110667,1
22795,110681,1
22795,110682,1
22674,110685,1
21809,110696,1
22532,110707,1
21992,110709,1
21814,110721,1
22646,110753,1
22146,110801,1
22516,110810,1
22271,110811,1
22516,110813,1
22725,110827,1
22265,110836,1
11101,110910,1
22587,110910,1
21993,110920,1
22207,110939,1
22475,110949,1
22849,110959,1
22009,110980,1
21549,110986,1
22580,110993,1
21863,110998,1
22663,111000,1
22350,111010,1
22266,111022,1
22587,111046,1
22707,111053,1
22202,111056,1
11675,111063,1
22831,111065,1
21557,111073,1
22016,111081,1
22396,111099,1
22607,111099,1
21964,111108,1
22699,111108,1
22779,111131,1
22727,111159,1
22270,111176,1
22361,111185,1
22850,111188,1
22398,111193,1
22610,111245,1
22524,111264,1
21978,111279,1
22611,111306,1
10803,111317,1
22439,111328,1
22718,111361,1
21768,111363,1
22806,111363,1
22849,111364,1
22101,111371,1
22202,111390,1
21922,111428,1
22648,111428,1
21544,111447,1
21510,111454,1
21518,111457,1
22719,111495,1
22699,111502,1
22598,111514,1
22334,111529,1
10186,111534,1
21490,111551,1
22643,111601,1
22859,111639,1
22696,111646,1
22860,111650,1
22520,111650,1
9873,111654,1
10008,111659,1
22334,111662,1
22334,111663,1
22209,111668,1
21863,111682,1
10935,111704,1
22677,111715,1
22861,111738,1
22671,111764,1
22850,111808,1
22779,111808,1
22146,111810,1
22795,111827,1
21874,111909,1
9837,111916,1
22773,111951,1
22832,111999,1
22832,112002,1
22849,112007,1
22435,112021,1
22435,112023,1
22832,112026,1
21749,112048,1
22522,112062,1
22859,112067,1
22610,112070,1
22610,112071,1
11540,112112,1
21698,112128,1
21698,112129,1
21698,112130,1
22434,112132,1
22618,112146,1
11613,112153,1
22146,112159,1
11143,112168,1
22454,112177,1
22327,112183,1
22327,112184,1
22863,112212,1
22865,112220,1
22865,112221,1
22574,112243,1
10728,112243,1
22866,112245,1
22866,112246,1
22866,112248,1
10751,112250,1
22801,112251,1
22866,112254,1
22866,112255,1
22434,112256,1
22865,112270,1
22865,112271,1
10198,112281,1
21966,112304,1
22170,112305,1
21851,112323,1
21969,112329,1
11101,112329,1
22773,112367,1
22611,112388,1
22517,112390,1
9857,112409,1
22677,112425,1
22105,112425,1
22481,112427,1
22105,112427,1
22507,112442,1
11413,112444,1
21945,112456,1
21648,112464,1
21648,112465,1
22487,112481,1
22231,112489,1
21815,112505,1
21815,112506,1
22860,112523,1
21623,112537,1
22690,112540,1
10186,112557,1
22849,112558,1
22202,112591,1
22231,112608,1
22635,112624,1
22850,112625,1
11050,112647,1
22158,112662,1
22849,112678,1
22871,112714,1
21544,112722,1
22532,112725,1
22643,112749,1
22871,112760,1
22593,112805,1
22671,112805,1
22543,112820,1
22277,112832,1
22619,112843,1
10769,112849,1
9866,112856,1
10239,112885,1
22451,112915,1
21558,112917,1
21581,112944,1
22654,112956,1
22450,112970,1
11139,112976,1
22431,112976,1
22487,112981,1
11078,112981,1
22871,112988,1
22271,113050,1
22859,113051,1
21697,113057,1
22860,113060,1
22629,113063,1
287,113084,1
22576,113097,1
22345,113106,1
22475,113108,1
287,113124,1
22201,113152,1
22201,113153,1
22201,113154,1
22863,113158,1
22591,113162,1
21716,113162,1
21648,113172,1
11190,113180,1
22387,113180,1
11190,113181,1
21595,113184,1
10622,113185,1
22141,113190,1
22361,113204,1
22775,113208,1
21768,113208,1
21756,113217,1
22505,113217,1
11386,113225,1
22243,113228,1
22037,113228,1
22367,113241,1
22371,113245,1
22371,113247,1
10442,113249,1
22371,113254,1
22716,113272,1
21701,113322,1
22619,113328,1
22773,113340,1
21754,113346,1
21754,113347,1
22510,113350,1
22850,113356,1
22575,113373,1
21941,113373,1
21767,113373,1
22591,113373,1
22394,113373,1
10629,113373,1
22149,113373,1
10446,113373,1
10900,113373,1
21788,113383,1
22861,113387,1
22025,113388,1
22094,113413,1
22690,113416,1
22690,113417,1
22113,113418,1
22189,113425,1
22231,113441,1
22861,113444,1
11139,113457,1
22591,113497,1
21521,113498,1
22726,113503,1
22367,113528,1
21901,113537,1
10446,113562,1
22394,113580,1
22807,113619,1
22591,113620,1
22779,113620,1
22779,113621,1
22807,113623,1
22807,113624,1
22807,113625,1
22089,113636,1
22716,113639,1
22871,113655,1
22266,113688,1
22387,113690,1
22690,113693,1
22861,113704,1
22671,113740,1
10224,113754,1
22505,113759,1
22773,113760,1
21910,113771,1
11384,113780,1
15943,113784,1
22171,113788,1
22619,113821,1
22718,113825,1
10563,113840,1
22456,113851,1
22860,113922,1
22860,113923,1
22850,113929,1
22871,113934,1
22874,113996,1
22874,113997,1
22874,113998,1
22874,113999,1
22874,114000,1
11304,114019,1
22450,114058,1
11173,114066,1
22863,114092,1
22861,114099,1
21718,114100,1
21755,114103,1
22716,114184,1
22094,114190,1
22718,114213,1
22285,114246,1
22716,114247,1
22719,114295,1
22832,114301,1
22620,114309,1
22129,114314,1
22129,114331,1
21883,114339,1
22144,114352,1
21874,114360,1
22505,114367,1
22593,114373,1
22522,114392,1
22295,114397,1
22863,114399,1
22775,114399,1
22863,114405,1
287,114413,1
22865,114419,1
22780,114427,1
22517,114429,1
22610,114444,1
11101,114453,1
22611,114475,1
22587,114476,1
22201,114490,1
22801,114497,1
22831,114503,1
22831,114504,1
22831,114505,1
22389,114526,1
22634,114528,1
22754,114552,1
22090,114568,1
22634,114570,1
22506,114578,1
22801,114602,1
22506,114630,1
21573,114635,1
22101,114642,1
22598,114649,1
10407,114680,1
21874,114681,1
10407,114683,1
11393,114707,1
22507,114749,1
21550,114767,1
21935,114771,1
21935,114813,1
22171,114837,1
21935,114881,1
11384,114885,1
22801,114887,1
22214,114903,1
22415,114907,1
22415,114908,1
22415,114909,1
22135,115024,1
22859,115041,1
22413,115051,1
22775,115055,1
22859,115061,1
22720,115074,1
